"map","word"
1,"10"
1,"world's"
1,"players"
1,"stand"
1,"run"
1,"hide"
1,"tonight"
1,"watch"
1,"fight"
1,"dreams"
1,"line"
1,"austin"
1,"texas"
1,"pay"
1,"close"
1,"attention"
1,"feel"
1,"heart"
1,"pounding"
1,"anticipation"
1,"shiver"
1,"spine"
1,"counter"
1,"strike"
1,"lives"
1,"america"
1,"world"
1,"watching"
1,"time"
1,"shine"
1,"austin"
1,"major"
1,"grand"
1,"final"
1,"hell"
1,"yeah"
1,"flies"
1,"home"
1,"champion"
1,"home"
1,"destroyed"
1,"woke"
1,"thinking"
1,"chance"
1,"team"
1,"leaves"
1,"trophy"
1,"flamesy"
1,"kick"
1,"teammates's"
1,"flash"
1,"techno"
1,"site"
1,"tested"
1,"910"
1,"slight"
1,"single"
1,"advantage"
1,"vitality"
1,"slows"
1,"stuck"
1,"ramp"
1,"blitz"
1,"bit"
1,"damage"
1,"kill"
1,"start"
1,"senzu"
1,"save"
1,"2v2"
1,"evened"
1,"slight"
1,"mid"
1,"round"
1,"pauses"
1,"bomb"
1,"clutch"
1,"910"
1,"yeah"
1,"910"
1,"oneon"
1,"guy"
1,"logs"
1,"hours"
1,"map"
1,"trophies"
1,"experience"
1,"situation"
1,"amazing"
1,"runs"
1,"stature"
1,"playoffs"
1,"oo"
1,"space"
1,"bombs"
1,"planted"
1,"glocks"
1,"kit"
1,"players"
1,"robs"
1,"takes"
1,"apex"
1,"arrives"
1,"robs"
1,"action"
1,"game"
1,"leader"
1,"ross"
1,"win"
1,"vitality"
1,"round"
1,"favorites"
1,"yeah"
1,"rob's"
1,"incredibly"
1,"decorated"
1,"lose"
1,"match"
1,"player"
1,"server"
1,"single"
1,"cs2"
1,"major"
1,"final"
1,"won"
1,"3"
1,"hours"
1,"6"
1,"secondslook"
1,"confidence"
1,"spirit"
1,"3"
1,"hours"
1,"11"
1,"secondswe"
1,"na'vi"
1,"chance"
1,"understand"
1,"mongols"
1,"top"
1,"team"
1,"entire"
1,"season"
1,"3"
1,"hours"
1,"20"
1,"secondsone"
1,"teams"
1,"map"
1,"vitality"
1,"season"
1,"beat"
1,"nuke"
1,"3"
1,"hours"
1,"27"
1,"secondsthat's"
1,"makes"
1,"veto"
1,"incredibly"
1,"brave"
1,"option"
1,"picked"
1,"mirage"
1,"leaning"
1,"strengths"
1,"map"
1,"playoffs"
1,"3"
1,"hours"
1,"38"
1,"secondswithin"
1,"playoffs"
1,"flames"
1,"bit"
1,"half"
1,"mirage"
1,"kick"
1,"notch"
1,"attack"
1,"single"
1,"3"
1,"hours"
1,"45"
1,"secondspiece"
1,"vitality"
1,"play"
1,"difference"
1,"mongols"
1,"mongols"
1,"watching"
1,"3"
1,"hours"
1,"53"
1,"secondsfinally"
1,"piecing"
1,"playoffs"
1,"3"
1,"hours"
1,"56"
1,"secondsand"
1,"slow"
1,"start"
1,"versus"
1,"pain"
1,"map"
1,"shake"
1,"waited"
1,"clutch"
1,"13"
1,"rounds"
1,"straight"
1,"apex"
1,"careful"
1,"inside"
1,"smoke"
1,"reside"
1,"couple"
1,"players"
1,"risk"
1,"lean"
1,"murder"
1,"hole"
1,"bit"
1,"expedition"
1,"ramp"
1,"feels"
1,"purgatory"
1,"flamesy"
1,"smooth"
1,"angle"
1,"couple"
1,"fights"
1,"coming"
1,"vitality"
1,"apex"
1,"wins"
1,"syu"
1,"catching"
1,"timing"
1,"inside"
1,"connector"
1,"pinch"
1,"inbound"
1,"blitz"
1,"recover"
1,"weapons"
1,"tech"
1,"wallbang"
1,"frag"
1,"upgraded"
1,"pistol"
1,"break"
1,"defense"
1,"stand"
1,"tall"
1,"timing"
1,"peak"
1,"apex"
1,"vitality"
1,"convert"
1,"majority"
1,"alive"
1,"yeah"
1,"bit"
1,"round"
1,"window"
1,"answers"
1,"mongols"
1,"close"
1,"doormat"
1,"window"
1,"ramp"
1,"vitality"
1,"stayed"
1,"vigilant"
1,"kills"
1,"mongols"
1,"chance"
1,"building"
1,"tonight"
1,"reason"
1,"north"
1,"america"
1,"relate"
1,"underdog"
1,"counterstrike"
1,"feels"
1,"region"
1,"europe"
1,"rally"
1,"mongols"
1,"reason"
1,"defeated"
1,"payne"
1,"happened"
1,"brazilian"
1,"scene"
1,"chinese"
1,"teams"
1,"austin"
1,"support"
1,"borders"
1,"desert"
1,"eagles"
1,"board"
1,"single"
1,"tech"
1,"9"
1,"time"
1,"vitality"
1,"play"
1,"scared"
1,"whatsoever"
1,"floating"
1,"middle"
1,"absolute"
1,"slaughter"
1,"barring"
1,"meno"
1,"palace"
1,"bomb"
1,"plant"
1,"funds"
1,"chip"
1,"desert"
1,"eagle"
1,"sharp"
1,"grabbed"
1,"couple"
1,"skulls"
1,"gun"
1,"bomb"
1,"spot"
1,"vitality"
1,"chill"
1,"1v3"
1,"event"
1,"couple"
1,"mistakes"
1,"game"
1,"sharpened"
1,"ross"
1,"cut"
1,"talking"
1,"mongols"
1,"playing"
1,"team"
1,"world"
1,"drawing"
1,"comparison"
1,"time"
1,"america"
1,"boston"
1,"cloud9"
1,"top"
1,"team"
1,"played"
1,"faze"
1,"guys"
1,"stacked"
1,"roster"
1,"time"
1,"terms"
1,"legendary"
1,"players"
1,"prime"
1,"prime"
1,"streak"
1,"vitality"
1,"trophies"
1,"row"
1,"counterterrorists"
1,"playoffs"
1,"mongols"
1,"playoff"
1,"matches"
1,"endeavors"
1,"cut"
1,"shy"
1,"times"
1,"guns"
1,"difference"
1,"game"
1,"begins"
1,"round"
1,"vitality"
1,"established"
1,"buffer"
1,"long's"
1,"lead"
1,"flash"
1,"apex"
1,"action"
1,"blitz"
1,"ooh"
1,"apex"
1,"regain"
1,"vision"
1,"goldilock"
1,"zone"
1,"molly"
1,"smoke"
1,"hitting"
1,"intriguing"
1,"shots"
1,"timings"
1,"takes"
1,"quick"
1,"ops"
1,"swing"
1,"wide"
1,"blitz"
1,"closer"
1,"bomb"
1,"starting"
1,"inbound"
1,"techno"
1,"simultaneously"
1,"taking"
1,"bit"
1,"hoping"
1,"vitality"
1,"busy"
1,"stay"
1,"active"
1,"yeah"
1,"aware"
1,"setup"
1,"zeno"
1,"taking"
1,"past"
1,"op"
1,"line"
1,"one's"
1,"site"
1,"watching"
1,"helps"
1,"blitz"
1,"warden"
1,"watchtowwer"
1,"moment"
1,"cts"
1,"found"
1,"tidbits"
1,"timings"
1,"teams"
1,"vitality"
1,"stepping"
1,"action"
1,"mongols"
1,"false"
1,"sense"
1,"confidence"
1,"single"
1,"smoke"
1,"single"
1,"molotov"
1,"mongols"
1,"quiet"
1,"40"
1,"deal"
1,"ramp"
1,"control"
1,"vitality"
1,"strength"
1,"position"
1,"blitz"
1,"offer"
1,"support"
1,"techno"
1,"move"
1,"ability"
1,"plant"
1,"rid"
1,"ramp"
1,"setup"
1,"910"
1,"molotov"
1,"perfectly"
1,"plant"
1,"smoke"
1,"perfect"
1,"utility"
1,"usage"
1,"vitality"
1,"feels"
1,"figured"
1,"mongols"
1,"start"
1,"missed"
1,"shots"
1,"flamesy"
1,"drops"
1,"ball"
1,"robs"
1,"anticipate"
1,"player"
1,"910"
1,"fixated"
1,"blitz"
1,"attempts"
1,"catch"
1,"connections"
1,"stoic"
1,"zyou"
1,"catwalk"
1,"late"
1,"move"
1,"mezi"
1,"players"
1,"kit"
1,"smokes"
1,"vitality"
1,"time"
1,"play"
1,"time"
1,"starting"
1,"add"
1,"extra"
1,"layer"
1,"pressure"
1,"rocks"
1,"throwing"
1,"grenades"
1,"killed"
1,"910"
1,"cover"
1,"mezi"
1,"close"
1,"distance"
1,"support"
1,"messi"
1,"middle"
1,"perfectly"
1,"pieced"
1,"game"
1,"starts"
1,"rifle"
1,"slowed"
1,"mid"
1,"rounds"
1,"looked"
1,"bit"
1,"nervous"
1,"flamesy"
1,"found"
1,"pickoff"
1,"ramp"
1,"blitz"
1,"key"
1,"frag"
1,"connector"
1,"control"
1,"aplit"
1,"careful"
1,"position"
1,"safe"
1,"zones"
1,"zeus"
1,"joining"
1,"front"
1,"row"
1,"watch"
1,"history"
1,"rob"
1,"history"
1,"history"
1,"win"
1,"beauty"
1,"finals"
1,"tonight"
1,"wins"
1,"history"
1,"damn"
1,"perfect"
1,"season"
1,"vitality"
1,"asian"
1,"major"
1,"champions"
1,"sentence"
1,"lot"
1,"people"
1,"lot"
1,"round"
1,"collected"
1,"mongols"
1,"evidence"
1,"vitality"
1,"bleeds"
1,"low"
1,"buy"
1,"vitality"
1,"perfectly"
1,"utility"
1,"mongols"
1,"round"
1,"yeah"
1,"spot"
1,"prod"
1,"mid"
1,"mahome"
1,"brought"
1,"video"
1,"messi's"
1,"cat"
1,"zu"
1,"position"
1,"ticket"
1,"pick"
1,"trusting"
1,"flames"
1,"ramp"
1,"guy's"
1,"watching"
1,"palace"
1,"challenge"
1,"nice"
1,"shots"
1,"robs"
1,"bomb"
1,"dropped"
1,"dropped"
1,"bomb"
1,"bomb"
1,"fell"
1,"inside"
1,"smoke"
1,"site"
1,"mezi"
1,"hit"
1,"dink"
1,"ton"
1,"damage"
1,"wall"
1,"bang"
1,"kills"
1,"start"
1,"mongols"
1,"starting"
1,"realize"
1,"error"
1,"bomb"
1,"bit"
1,"challenge"
1,"zyu"
1,"misses"
1,"shot"
1,"bomb"
1,"scooped"
1,"robs"
1,"gil"
1,"pressed"
1,"catches"
1,"zyu"
1,"flamesy"
1,"quick"
1,"action"
1,"play"
1,"bomb"
1,"direction"
1,"rotation"
1,"treacherous"
1,"path"
1,"playing"
1,"wrong"
1,"doorway"
1,"cautious"
1,"cautious"
1,"flames"
1,"connects"
1,"sends"
1,"trade"
1,"rounds"
1,"straight"
1,"mongols"
1,"nervous"
1,"moment"
1,"nice"
1,"shots"
1,"flamesy"
1,"hot"
1,"start"
1,"round"
1,"mongols"
1,"vitality"
1,"tested"
1,"bomb"
1,"drops"
1,"zenho"
1,"looked"
1,"awkward"
1,"moment"
1,"kills"
1,"entries"
1,"site"
1,"round"
1,"totally"
1,"fallen"
1,"vitality"
1,"creative"
1,"day"
1,"mongols"
1,"money"
1,"misstep"
1,"fall"
1,"mistake"
1,"usps"
1,"swinging"
1,"top"
1,"middle"
1,"control"
1,"coupled"
1,"nicely"
1,"underpass"
1,"player"
1,"singular"
1,"usp"
1,"frag"
1,"vitality"
1,"stop"
1,"wasting"
1,"everybody's"
1,"time"
1,"throw"
1,"enemies"
1,"meet"
1,"bit"
1,"brick"
1,"wall"
1,"tied"
1,"mirage"
1,"benchmarks"
1,"game"
1,"vitality"
1,"lose"
1,"mongols"
1,"tying"
1,"game"
1,"feel"
1,"paris"
1,"cuz"
1,"french"
1,"people"
1,"french"
1,"fries"
1,"yeah"
1,"start"
1,"5"
1,"0"
1,"versus"
1,"payne"
1,"won"
1,"13"
1,"rounds"
1,"row"
1,"offense"
1,"pain"
1,"vitality"
1,"defense"
1,"answer"
1,"meaningful"
1,"game"
1,"close"
1,"smoke"
1,"huh"
1,"wow"
1,"910"
1,"eyes"
1,"closed"
1,"forcing"
1,"apex"
1,"call"
1,"sidelines"
1,"odds"
1,"top"
1,"smoke"
1,"vision"
1,"peak"
1,"peaked"
1,"wrong"
1,"guy"
1,"910"
1,"tapping"
1,"playoff"
1,"form"
1,"zou"
1,"shoots"
1,"smoke"
1,"yeah"
1,"shot"
1,"top"
1,"corner"
1,"smoke"
1,"amazing"
1,"play"
1,"timing"
1,"factor"
1,"frag"
1,"complexion"
1,"round"
1,"starting"
1,"loop"
1,"final"
1,"idea"
1,"mid"
1,"dangerous"
1,"chucking"
1,"guns"
1,"top"
1,"middle"
1,"happened"
1,"cts"
1,"cts"
1,"carve"
1,"path"
1,"middle"
1,"distraction"
1,"spotted"
1,"players"
1,"connector"
1,"bomb"
1,"site"
1,"mho"
1,"close"
1,"head"
1,"ripped"
1,"clean"
1,"flamesy"
1,"multi"
1,"kill"
1,"bit"
1,"delay"
1,"palace"
1,"peak"
1,"time"
1,"flamesy"
1,"triple"
1,"kill"
1,"dropped"
1,"15"
1,"health"
1,"blitz"
1,"frag"
1,"mezi"
1,"clutch"
1,"blitz"
1,"scour"
1,"battlefield"
1,"timing"
1,"peak"
1,"brit"
1,"posts"
1,"yeah"
1,"standing"
1,"lean"
1,"mezzi"
1,"create"
1,"lots"
1,"moments"
1,"setup"
1,"1"
1,"favorite"
1,"blitz"
1,"information"
1,"rotating"
1,"pull"
1,"clutches"
1,"wow"
1,"yeah"
1,"move"
1,"zyu"
1,"totally"
1,"unanswered"
1,"trade"
1,"kick"
1,"mongols"
1,"zyu"
1,"found"
1,"mid"
1,"slight"
1,"limitation"
1,"faster"
1,"pace"
1,"mongo's"
1,"jump"
1,"zyu"
1,"hears"
1,"coming"
1,"blitz"
1,"slides"
1,"distracted"
1,"cat"
1,"player"
1,"unable"
1,"stop"
1,"connector"
1,"flames"
1,"offers"
1,"apex"
1,"cover"
1,"site"
1,"holds"
1,"bit"
1,"tech"
1,"9"
1,"found"
1,"low"
1,"health"
1,"sight"
1,"kill"
1,"techo"
1,"plants"
1,"bomb"
1,"default"
1,"join"
1,"forces"
1,"vitality"
1,"shoulderto"
1,"shoulder"
1,"time"
1,"mezi"
1,"bit"
1,"support"
1,"estonian"
1,"space"
1,"techno"
1,"catches"
1,"guard"
1,"mezi"
1,"clutch"
1,"backto"
1,"v1s"
1,"time"
1,"techno"
1,"equal"
1,"amount"
1,"health"
1,"utility"
1,"stop"
1,"techno"
1,"zone"
1,"clutch"
1,"posted"
1,"mongols"
1,"fought"
1,"sacked"
1,"kill"
1,"v2"
1,"close"
1,"keeping"
1,"game"
1,"close"
1,"techno"
1,"fighting"
1,"bottom"
1,"scoreboard"
1,"major"
1,"grand"
1,"final"
1,"punch"
1,"night"
1,"splits"
1,"desk"
1,"describe"
1,"techno"
1,"brother"
1,"shot"
1,"chance"
1,"zyu"
1,"easy"
1,"rounds"
1,"mongols"
1,"5v4"
1,"shot"
1,"cap"
1,"bomb"
1,"safe"
1,"run"
1,"prize"
1,"efforts"
1,"flames"
1,"khalil"
1,"planted"
1,"mongle"
1,"inspiration"
1,"lg"
1,"sk"
1,"days"
1,"talked"
1,"910"
1,"travel"
1,"play"
1,"lands"
1,"playing"
1,"ticket"
1,"home"
1,"kinds"
1,"stories"
1,"hunger"
1,"hear"
1,"coming"
1,"regions"
1,"players"
1,"play"
1,"perfect"
1,"fur"
1,"win"
1,"land"
1,"meals"
1,"day"
1,"lose"
1,"sleeping"
1,"grew"
1,"toronto"
1,"lost"
1,"land"
1,"bewildering"
1,"journey"
1,"mongols"
1,"tale"
1,"rags"
1,"riches"
1,"realizing"
1,"dreams"
1,"round"
1,"round"
1,"moment"
1,"denying"
1,"momentum"
1,"shifted"
1,"rounds"
1,"mongols"
1,"logo"
1,"stamped"
1,"deagle"
1,"kicked"
1,"slight"
1,"hiccup"
1,"road"
1,"completely"
1,"vacant"
1,"bomb"
1,"site"
1,"understaffed"
1,"disappointed"
1,"nuke"
1,"veto"
1,"mongols"
1,"picked"
1,"mirage"
1,"vitality"
1,"ready"
1,"pick"
1,"expressing"
1,"dominance"
1,"inside"
1,"mid"
1,"moments"
1,"zyu"
1,"window"
1,"smokes"
1,"perfectly"
1,"positioned"
1,"lot"
1,"impact"
1,"stop"
1,"repositioning"
1,"openers"
1,"refrags"
1,"spot"
1,"play"
1,"player"
1,"world"
1,"curdle"
1,"defense"
1,"ladder"
1,"cts"
1,"playing"
1,"perimeter"
1,"sort"
1,"players"
1,"hidden"
1,"inside"
1,"site"
1,"mezi"
1,"floating"
1,"bench"
1,"damage"
1,"senzu"
1,"clean"
1,"set"
1,"distractions"
1,"robs"
1,"hit"
1,"dropping"
1,"bomb"
1,"process"
1,"bite"
1,"hell"
1,"bite"
1,"holds"
1,"real"
1,"strong"
1,"repetitive"
1,"success"
1,"story"
1,"resurgence"
1,"vitality"
1,"series"
1,"played"
1,"close"
1,"1311"
1,"mongols"
1,"blitz"
1,"final"
1,"jokes"
1,"50"
1,"50"
1,"head"
1,"watched"
1,"series"
1,"50"
1,"50"
1,"extremely"
1,"close"
1,"game"
1,"streak"
1,"counterstrike"
1,"folks"
1,"counter"
1,"strike"
1,"heart"
1,"texas"
1,"mara"
1,"xtaz"
1,"everybody's"
1,"nerves"
1,"wraps"
1,"nerves"
1,"conversation"
1,"play"
1,"mongols"
1,"crushed"
1,"collapsed"
1,"versus"
1,"faze"
1,"stage"
1,"playing"
1,"playoffs"
1,"faze"
1,"bigger"
1,"advantage"
1,"standing"
1,"previous"
1,"losses"
1,"sort"
1,"undignified"
1,"exits"
1,"shanghai"
1,"events"
1,"played"
1,"stood"
1,"played"
1,"round"
1,"11"
1,"talking"
1,"aks"
1,"mongols"
1,"sir"
1,"tack"
1,"pause"
1,"forget"
1,"plan"
1,"apex"
1,"result"
1,"deaths"
1,"score"
1,"line"
1,"zyu"
1,"taking"
1,"space"
1,"left"
1,"middle"
1,"time"
1,"floats"
1,"safety"
1,"crazy"
1,"unsupported"
1,"kills"
1,"zyu"
1,"mid"
1,"round"
1,"moments"
1,"sort"
1,"mysteriously"
1,"appearing"
1,"window"
1,"testing"
1,"smoke"
1,"timing"
1,"mongols"
1,"taking"
1,"mid"
1,"consistently"
1,"rounds"
1,"zoo"
1,"clutch"
1,"trade"
1,"apex"
1,"pregame"
1,"remembered"
1,"game"
1,"leader"
1,"player"
1,"trophies"
1,"attack"
1,"actual"
1,"rotation"
1,"vitality"
1,"incorrect"
1,"support"
1,"elements"
1,"whatsoever"
1,"mezzi"
1,"singly"
1,"sitting"
1,"pistols"
1,"front"
1,"apartments"
1,"push"
1,"ahead"
1,"bomb"
1,"question"
1,"joining"
1,"cat"
1,"hit"
1,"eventually"
1,"eventually"
1,"senzu's"
1,"senzu"
1,"floats"
1,"ladder"
1,"apex"
1,"dead"
1,"mezi"
1,"hand"
1,"desert"
1,"eagle"
1,"pistol"
1,"break"
1,"sight"
1,"techo"
1,"rotator"
1,"dead"
1,"hold"
1,"mongols"
1,"playing"
1,"aks"
1,"coming"
1,"round"
1,"versus"
1,"world"
1,"blitz"
1,"catching"
1,"kill"
1,"delayed"
1,"rotation"
1,"ross"
1,"fall"
1,"inside"
1,"market"
1,"glimpse"
1,"meno"
1,"alert"
1,"reaction"
1,"yeah"
1,"messi's"
1,"pov"
1,"impossible"
1,"grass"
1,"fed"
1,"american"
1,"beef"
1,"bite"
1,"head"
1,"desert"
1,"eagle"
1,"shot"
1,"vitality"
1,"lose"
1,"straight"
1,"gun"
1,"rounds"
1,"vitality"
1,"lose"
1,"zyu"
1,"middle"
1,"map"
1,"lose"
1,"pistols"
1,"major"
1,"senzu"
1,"mino"
1,"playoff"
1,"game"
1,"ancient"
1,"mzo"
1,"looked"
1,"unaffected"
1,"player"
1,"plays"
1,"ears"
1,"float"
1,"top"
1,"mid"
1,"bodies"
1,"910"
1,"chase"
1,"bit"
1,"late"
1,"mid"
1,"control"
1,"frees"
1,"robs"
1,"lean"
1,"forward"
1,"flamesy"
1,"struggling"
1,"anchor"
1,"previous"
1,"playoff"
1,"game"
1,"robs"
1,"started"
1,"responsibility"
1,"site"
1,"mongols"
1,"won"
1,"rounds"
1,"half"
1,"map"
1,"justification"
1,"stack"
1,"zyu"
1,"hold"
1,"vitality"
1,"prove"
1,"leelu"
1,"sweet"
1,"time"
1,"flank"
1,"mongols"
1,"time"
1,"mino"
1,"lingers"
1,"bomb"
1,"zyu"
1,"caught"
1,"insta"
1,"kill"
1,"senu"
1,"fox"
1,"plays"
1,"balcony"
1,"apex"
1,"wraps"
1,"hidden"
1,"shadows"
1,"move"
1,"plant"
1,"teammates"
1,"retake"
1,"spotted"
1,"picked"
1,"910"
1,"wait"
1,"techno"
1,"scaling"
1,"circle"
1,"mezzi"
1,"clutches"
1,"health"
1,"advantage"
1,"hits"
1,"head"
1,"shot"
1,"marles"
1,"run"
1,"lead"
1,"map"
1,"peak"
1,"proof"
1,"pudding"
1,"vitality"
1,"bleed"
1,"alienware"
1,"wear"
1,"booth"
1,"inside"
1,"moody"
1,"center"
1,"visiting"
1,"major"
1,"test"
1,"amazing"
1,"setups"
1,"alienware"
1,"technology"
1,"cuz"
1,"mous's"
1,"yimpat"
1,"phases"
1,"elise"
1,"testing"
1,"qd"
1,"oled"
1,"27in"
1,"monitor"
1,"coming"
1,"alienware"
1,"crispy"
1,"fine"
1,"test"
1,"players"
1,"guys"
1,"ready"
1,"yep"
1,"ready"
1,"hands"
1,"mouse"
1,"prepared"
1,"playing"
1,"arena"
1,"bit"
1,"experience"
1,"monitors"
1,"talk"
1,"feeling"
1,"yeah"
1,"feels"
1,"smooth"
1,"initial"
1,"impressions"
1,"compared"
1,"monitors"
1,"play"
1,"24in"
1,"monitors"
1,"one's"
1,"27"
1,"uh"
1,"yeah"
1,"home"
1,"500"
1,"hz"
1,"yeah"
1,"stranger"
1,"notice"
1,"specific"
1,"differences"
1,"oled"
1,"response"
1,"time"
1,"test"
1,"oled"
1,"low"
1,"response"
1,"times"
1,"fun"
1,"faster"
1,"cooking"
1,"events"
1,"owning"
1,"confidence"
1,"james"
1,"confidence"
1,"boosting"
1,"finding"
1,"biggest"
1,"change"
1,"uh"
1,"size"
1,"resolution"
1,"crazy"
1,"clean"
1,"crisp"
1,"yeah"
1,"yeah"
1,"monitor"
1,"leg"
1,"uh"
1,"keyboard"
1,"mouse"
1,"pretty"
1,"sticking"
1,"yeah"
1,"yeah"
1,"yeah"
1,"check"
1,"score"
1,"cooked"
1,"score"
1,"score"
1,"bad"
1,"mentioned"
1,"elise"
1,"sat"
1,"24"
1,"move"
1,"oled"
1,"move"
1,"bigger"
1,"monitor"
1,"norm"
1,"future"
1,"change"
1,"technology"
1,"advances"
1,"lot"
1,"players"
1,"um"
1,"feel"
1,"response"
1,"time"
1,"feels"
1,"fast"
1,"software"
1,"people"
1,"settings"
1,"lock"
1,"100"
1,"elise"
1,"786"
1,"yinfat"
1,"gg's"
1,"shaking"
1,"100"
1,"lot"
1,"played"
1,"elise"
1,"wins"
1,"alienware"
1,"professional"
1,"players"
1,"guys"
1,"alienware"
1,"booth"
1,"tickets"
1,"major"
1,"chance"
1,"winning"
1,"monitor"
1,"skills"
1,"test"
1,"day"
1,"walk"
1,"home"
1,"jealous"
1,"cuz"
1,"fantastic"
1,"luck"
1,"fun"
1,"wielding"
1,"couple"
1,"rounds"
1,"mongols"
1,"started"
1,"half"
1,"slowly"
1,"damn"
1,"kick"
1,"gear"
1,"close"
1,"deny"
1,"couple"
1,"clutches"
1,"won"
1,"rounds"
1,"guns"
1,"bit"
1,"factor"
1,"pull"
1,"major"
1,"championship"
1,"win"
1,"ingredients"
1,"loved"
1,"teams"
1,"carry"
1,"bottom"
1,"techno"
1,"mezi"
1,"players"
1,"clutch"
1,"rounds"
1,"techno"
1,"denying"
1,"mezi"
1,"tied"
1,"score"
1,"line"
1,"half"
1,"75"
1,"map"
1,"mongols"
1,"fail"
1,"time"
1,"meet"
1,"vitality"
1,"special"
1,"production"
1,"tirelessly"
1,"weeks"
1,"night"
1,"night"
1,"mongols"
1,"failed"
1,"win"
1,"map"
1,"pick"
1,"win"
1,"nuke"
1,"vitality's"
1,"pick"
1,"series"
1,"fast"
1,"moves"
1,"vitality"
1,"kick"
1,"flamesy"
1,"entries"
1,"welltimed"
1,"flashbang"
1,"stopped"
1,"recovery"
1,"till"
1,"kills"
1,"senzu"
1,"contact"
1,"cat"
1,"blitz"
1,"mind"
1,"excuse"
1,"techno"
1,"split"
1,"moving"
1,"close"
1,"frazzles"
1,"flamesy"
1,"preferred"
1,"post"
1,"plant"
1,"position"
1,"bomb"
1,"triple"
1,"push"
1,"senzu"
1,"yeah"
1,"crawled"
1,"senzu"
1,"stays"
1,"alive"
1,"ticket"
1,"players"
1,"start"
1,"retake"
1,"closed"
1,"distance"
1,"demise"
1,"senu"
1,"bomb"
1,"site"
1,"pistol"
1,"win"
1,"mongols"
1,"lead"
1,"begins"
1,"grow"
1,"starts"
1,"insurmountable"
1,"territory"
1,"confidence"
1,"smiling"
1,"major"
1,"final"
1,"cry"
1,"mongols"
1,"playoffs"
1,"vitality"
1,"team"
1,"tested"
1,"tested"
1,"times"
1,"fives"
1,"individual"
1,"series"
1,"past"
1,"versus"
1,"mongols"
1,"simple"
1,"lost"
1,"difference"
1,"lead"
1,"victory"
1,"ak"
1,"round"
1,"zyu"
1,"zyu"
1,"sitting"
1,"negative"
1,"white"
1,"hot"
1,"senzu"
1,"blitz"
1,"techno"
1,"core"
1,"crowd"
1,"rallying"
1,"grow"
1,"confident"
1,"lead"
1,"grows"
1,"apex"
1,"stew"
1,"pre"
1,"match"
1,"interview"
1,"crowd"
1,"cinderella"
1,"story"
1,"prove"
1,"bullshit"
1,"feel"
1,"round"
1,"lead"
1,"top"
1,"vitality"
1,"strat"
1,"coming"
1,"forward"
1,"player"
1,"isolated"
1,"significant"
1,"utility"
1,"advantage"
1,"vitality"
1,"site"
1,"zenho"
1,"stop"
1,"910"
1,"comfortable"
1,"inside"
1,"smoke"
1,"yeah"
1,"lock"
1,"fire"
1,"910"
1,"me's"
1,"head"
1,"instantly"
1,"palace"
1,"player"
1,"delayed"
1,"flatbang"
1,"crazy"
1,"shooting"
1,"910"
1,"control"
1,"blitz"
1,"frenchman"
1,"fus"
1,"brick"
1,"wall"
1,"brink"
1,"double"
1,"digits"
1,"move"
1,"locked"
1,"position"
1,"chill"
1,"teammates"
1,"wide"
1,"multiple"
1,"players"
1,"screen"
1,"hits"
1,"sprite"
1,"transfer"
1,"mongols"
1,"hit"
1,"double"
1,"digits"
1,"easy"
1,"talking"
1,"upgraded"
1,"pistols"
1,"vitality"
1,"kevlar"
1,"players"
1,"910"
1,"satiated"
1,"bloodlust"
1,"oper"
1,"highlight"
1,"reel"
1,"rifles"
1,"caught"
1,"p250"
1,"bottom"
1,"middle"
1,"senzu"
1,"pick"
1,"senzu"
1,"hits"
1,"top"
1,"rope"
1,"catch"
1,"flamesy"
1,"top"
1,"mid"
1,"bomb"
1,"drops"
1,"late"
1,"party"
1,"doubling"
1,"rounds"
1,"vitality"
1,"senzu"
1,"17"
1,"frags"
1,"major"
1,"final"
1,"17"
1,"frags"
1,"major"
1,"final"
1,"total"
1,"collapse"
1,"major"
1,"winning"
1,"position"
1,"question"
1,"breakthrough"
1,"mentally"
1,"hardest"
1,"game"
1,"half"
1,"vitality"
1,"helen"
1,"figure"
1,"mental"
1,"game"
1,"fantastic"
1,"job"
1,"staying"
1,"top"
1,"lows"
1,"picking"
1,"trophy"
1,"pushing"
1,"era"
1,"mongols"
1,"team"
1,"extra"
1,"couple"
1,"players"
1,"start"
1,"maturing"
1,"roster"
1,"move"
1,"found"
1,"lucky"
1,"start"
1,"half"
1,"time"
1,"figure"
1,"vitality"
1,"10"
1,"deep"
1,"apex"
1,"sidelined"
1,"mongols"
1,"break"
1,"gun"
1,"round"
1,"vitality"
1,"hope"
1,"exact"
1,"4v5"
1,"apex"
1,"top"
1,"fragger"
1,"team"
1,"taking"
1,"igl"
1,"apex"
1,"voice"
1,"calling"
1,"dead"
1,"difficult"
1,"tilt"
1,"apex"
1,"easy"
1,"flamez"
1,"people"
1,"referenced"
1,"past"
1,"teammates"
1,"ig"
1,"team"
1,"biggest"
1,"voice"
1,"maturity"
1,"experience"
1,"45"
1,"topcon"
1,"smoke"
1,"910"
1,"ideas"
1,"free"
1,"moment"
1,"shots"
1,"filthy"
1,"top"
1,"ticket"
1,"slam"
1,"top"
1,"staircase"
1,"bomb"
1,"stuttering"
1,"senzu"
1,"m4"
1,"smoke"
1,"solution"
1,"moment"
1,"taking"
1,"angles"
1,"fading"
1,"smokes"
1,"peeking"
1,"ticket"
1,"timings"
1,"deep"
1,"mongols"
1,"playing"
1,"win"
1,"active"
1,"confident"
1,"moves"
1,"constant"
1,"pressure"
1,"fearless"
1,"counter"
1,"strike"
1,"weaponized"
1,"world's"
1,"11"
1,"mongols"
1,"ma"
1,"embarrassed"
1,"vitality"
1,"map"
1,"semi"
1,"finals"
1,"team"
1,"reps"
1,"vitality"
1,"slowly"
1,"piecing"
1,"comfort"
1,"zone"
1,"comfort"
1,"whatsoever"
1,"910"
1,"hits"
1,"shot"
1,"space"
1,"coming"
1,"10"
1,"emergency"
1,"services"
1,"vitality"
1,"dead"
1,"ahead"
1,"resuscitating"
1,"match"
1,"pulerized"
1,"matt"
1,"po"
1,"history"
1,"history"
1,"line"
1,"call"
1,"double"
1,"setup"
1,"players"
1,"19"
1,"kills"
1,"pop"
1,"rare"
1,"sight"
1,"beat"
1,"vitality"
1,"map"
1,"embarrass"
1,"rose"
1,"floor"
1,"confidence"
1,"grins"
1,"drained"
1,"pop"
1,"connector"
1,"chance"
1,"vitality"
1,"game"
1,"chance"
1,"avoid"
1,"total"
1,"laps"
1,"mongols"
1,"mirage"
1,"map"
1,"pick"
1,"confidence"
1,"feel"
1,"confidence"
1,"910"
1,"kill"
1,"feed"
1,"stop"
1,"senzu"
1,"combining"
1,"ax"
1,"techno"
1,"head"
1,"shots"
1,"follow"
1,"respect"
1,"world"
1,"map"
1,"pocket"
1,"dreams"
1,"line"
1,"sign"
1,"slowing"
1,"win"
1,"vitality"
1,"map"
1,"pick"
1,"time"
1,"head"
1,"head"
1,"biggest"
1,"stage"
2,"dust"
2,"rebound"
2,"sort"
2,"fight"
2,"vitality"
2,"folks"
2,"map"
2,"desk"
2,"favorites"
2,"hit"
2,"hard"
2,"swift"
2,"yeah"
2,"doubt"
2,"mind"
2,"feel"
2,"shell"
2,"ass"
2,"whooping"
2,"mirage"
2,"rob"
2,"sits"
2,"lower"
2,"tunnels"
2,"wait"
2,"players"
2,"ahead"
2,"dual"
2,"barettas"
2,"ready"
2,"roar"
2,"ready"
2,"game"
2,"wraps"
2,"toppled"
2,"vitality"
2,"single"
2,"advantage"
2,"mongols"
2,"chance"
2,"redirect"
2,"flashbang"
2,"catwalk"
2,"timed"
2,"flamesy"
2,"unable"
2,"kill"
2,"yeah"
2,"info"
2,"worth"
2,"spot"
2,"round"
2,"duel"
2,"street"
2,"information"
2,"80"
2,"god"
2,"timing"
2,"timing"
2,"missed"
2,"pole"
2,"shoots"
2,"head"
2,"versus"
2,"pistol"
2,"spirit"
2,"team"
2,"vitality"
2,"alive"
2,"map"
2,"cuz"
2,"mirage"
2,"miraculous"
2,"win"
2,"mongols"
2,"total"
2,"shutdown"
2,"world"
2,"remember"
2,"exact"
2,"feeling"
2,"vitality"
2,"picked"
2,"pistol"
2,"converted"
2,"rounds"
2,"horde"
2,"running"
2,"13"
2,"scarier"
2,"yeah"
2,"score"
2,"line"
2,"propped"
2,"vitality"
2,"pistol"
2,"conversions"
2,"lot"
2,"game"
2,"hear"
2,"apex"
2,"team"
2,"fired"
2,"pay"
2,"pep"
2,"talk"
2,"yeah"
2,"yeah"
2,"gracious"
2,"teammates"
2,"dark"
2,"moments"
2,"recently"
2,"adding"
2,"resilience"
2,"rounds"
2,"maps"
2,"remembered"
2,"game"
2,"leaders"
2,"time"
2,"leader"
2,"human"
2,"psyche"
2,"pull"
2,"players"
2,"dark"
2,"pits"
2,"disappointment"
2,"doubt"
2,"easy"
2,"versus"
2,"pistols"
2,"vitality"
2,"confidently"
2,"taking"
2,"sorts"
2,"fights"
2,"beginning"
2,"mirage"
2,"exact"
2,"walk"
2,"road"
2,"start"
2,"map"
2,"start"
2,"vitality"
2,"clean"
2,"plant"
2,"round"
2,"time"
2,"money's"
2,"bit"
2,"slower"
2,"heaters"
2,"mongols"
2,"dust"
2,"2"
2,"uh"
2,"one's"
2,"testing"
2,"map"
2,"pool"
2,"vitality"
2,"series"
2,"destined"
2,"maps"
2,"dare"
2,"bold"
2,"claim"
2,"change"
2,"change"
2,"scenery"
2,"vitality"
2,"call"
2,"warm"
2,"move"
2,"mongols"
2,"shock"
2,"spam"
2,"climbed"
2,"mongols"
2,"squad"
2,"prepped"
2,"poised"
2,"hit"
2,"site"
2,"pieces"
2,"utility"
2,"ready"
2,"roll"
2,"apex"
2,"fus"
2,"wellplaced"
2,"grenade"
2,"amount"
2,"damage"
2,"board"
2,"piece"
2,"utility"
2,"hits"
2,"perfect"
2,"pack"
2,"flamesy"
2,"lost"
2,"teammates"
2,"sight"
2,"910"
2,"connects"
2,"head"
2,"shot"
2,"flamesy"
2,"closing"
2,"distance"
2,"wild"
2,"move"
2,"action"
2,"flash"
2,"takes"
2,"front"
2,"runners"
2,"chance"
2,"recovery"
2,"damage"
2,"stacked"
2,"vitality"
2,"successfully"
2,"shut"
2,"gun"
2,"round"
2,"yeah"
2,"excellent"
2,"perspective"
2,"utility"
2,"peaks"
2,"teammates"
2,"rotating"
2,"h's"
2,"mongols"
2,"hsp"
2,"low"
2,"matter"
2,"finish"
2,"frags"
2,"specifically"
2,"cat"
2,"game"
2,"planning"
2,"bada"
2,"boom"
2,"bada"
2,"bing"
2,"bombardment"
2,"smoke"
2,"grenades"
2,"ramp"
2,"ct"
2,"spawn"
2,"slowly"
2,"half"
2,"response"
2,"sending"
2,"scout"
2,"slight"
2,"risk"
2,"cache"
2,"utility"
2,"ct"
2,"spawn"
2,"mongols"
2,"game"
2,"lots"
2,"slight"
2,"risks"
2,"lots"
2,"angles"
2,"fights"
2,"terms"
2,"4"
2,"hours"
2,"4"
2,"secondsthat's"
2,"won"
2,"map"
2,"vitality"
2,"telling"
2,"game"
2,"4"
2,"hours"
2,"14"
2,"secondsthroughout"
2,"stages"
2,"major"
2,"mongols"
2,"senzu"
2,"scout"
2,"map"
2,"pull"
2,"crazy"
2,"mid"
2,"kills"
2,"vitality"
2,"sign"
2,"fight"
2,"4"
2,"hours"
2,"26"
2,"secondsthere"
2,"world"
2,"tools"
2,"mongols"
2,"4"
2,"hours"
2,"30"
2,"4"
2,"hours"
2,"39"
2,"secondsthey"
2,"meet"
2,"smoke"
2,"tunnels"
2,"50"
2,"4"
2,"hours"
2,"44"
2,"secondsenzu"
2,"professional"
2,"hybrid"
2,"scout"
2,"4"
2,"hours"
2,"48"
2,"4"
2,"hours"
2,"50"
2,"secondsyeah"
2,"team"
2,"taps"
2,"double"
2,"op"
2,"nowadays"
2,"absolutely"
2,"4"
2,"hours"
2,"57"
2,"4"
2,"hours"
2,"59"
2,"secondssenzu"
2,"scout"
2,"notorious"
2,"team"
2,"star"
2,"rifler"
2,"ross"
2,"reload"
2,"sense"
2,"pop"
2,"pounce"
2,"bit"
2,"contest"
2,"door"
2,"held"
2,"mid"
2,"support"
2,"rocks"
2,"flat"
2,"all's"
2,"vitality"
2,"entry"
2,"stay"
2,"focused"
2,"stay"
2,"alert"
2,"mongols"
2,"easy"
2,"step"
2,"challenge"
2,"goliath"
2,"vitality"
2,"sort"
2,"trophy"
2,"teams"
2,"step"
2,"brink"
2,"victory"
2,"crumble"
2,"final"
2,"step"
2,"absolutely"
2,"rare"
2,"moments"
2,"america"
2,"history"
2,"treasure"
2,"moments"
2,"rare"
2,"rare"
2,"reason"
2,"beast"
2,"mongols"
2,"series"
2,"apex"
2,"keeping"
2,"mobile"
2,"mongols"
2,"leaning"
2,"that'll"
2,"focused"
2,"knowing"
2,"family's"
2,"a.m"
2,"watching"
2,"game"
2,"messi"
2,"tactic"
2,"tail"
2,"smoke"
2,"front"
2,"change"
2,"spot"
2,"blow"
2,"reveal"
2,"plans"
2,"wealth"
2,"grenades"
2,"mongols"
2,"chucking"
2,"mezi"
2,"leaning"
2,"climb"
2,"mongols"
2,"top"
2,"positioning"
2,"forget"
2,"bomb"
2,"sits"
2,"tunnel"
2,"round"
2,"suddenly"
2,"commitment"
2,"feels"
2,"vitality's"
2,"willingness"
2,"continue"
2,"press"
2,"underdog"
2,"flex"
2,"challenge"
2,"glimpse"
2,"zyu"
2,"signing"
2,"fights"
2,"nobody's"
2,"home"
2,"smoke"
2,"sit"
2,"angle"
2,"duo"
2,"robson"
2,"mezzi"
2,"stop"
2,"split"
2,"call"
2,"double"
2,"molly"
2,"shot"
2,"teto"
2,"tough"
2,"job"
2,"mezzi"
2,"shut"
2,"mid"
2,"play"
2,"total"
2,"mid"
2,"control"
2,"mongols"
2,"comfortable"
2,"inside"
2,"site"
2,"rounds"
2,"play"
2,"dusk"
2,"2"
2,"mongols"
2,"secure"
2,"910"
2,"apex"
2,"coming"
2,"ct"
2,"spawn"
2,"knowing"
2,"damn"
2,"techno"
2,"tunnels"
2,"test"
2,"bomb"
2,"site"
2,"flurry"
2,"vitality"
2,"play"
2,"flash"
2,"moving"
2,"quickly"
2,"killing"
2,"support"
2,"senzu"
2,"multi"
2,"frag"
2,"time"
2,"5"
2,"0"
2,"straight"
2,"favorites"
2,"lots"
2,"damage"
2,"clip"
2,"flamesy"
2,"coming"
2,"caught"
2,"910"
2,"guard"
2,"teammate"
2,"died"
2,"rotating"
2,"fast"
2,"cat"
2,"kill"
2,"tactic"
2,"vitality"
2,"active"
2,"defense"
2,"playing"
2,"win"
2,"absolutely"
2,"hard"
2,"time"
2,"holding"
2,"sight"
2,"retake"
2,"situation"
2,"bomb"
2,"planted"
2,"ready"
2,"fight"
2,"mongols"
2,"absolutely"
2,"close"
2,"breakthrough"
2,"round"
2,"game"
2,"started"
2,"versus"
2,"payne"
2,"damn"
2,"identical"
2,"yeah"
2,"yeah"
2,"create"
2,"momentum"
2,"timeout"
2,"breakout"
2,"moment"
2,"close"
2,"team"
2,"vitality"
2,"pushed"
2,"flamesy"
2,"kills"
2,"die"
2,"start"
2,"vitality"
2,"squad"
2,"board"
2,"affinity"
2,"site"
2,"mezy"
2,"robs"
2,"continue"
2,"hands"
2,"busy"
2,"chance"
2,"blitz"
2,"mei"
2,"ideas"
2,"sudden"
2,"fast"
2,"reaction"
2,"robs"
2,"lines"
2,"ton"
2,"damage"
2,"support"
2,"quick"
2,"senzu"
2,"lick"
2,"players"
2,"low"
2,"health"
2,"robs"
2,"box"
2,"cover"
2,"piece"
2,"cake"
2,"kills"
2,"frame"
2,"death"
2,"spray"
2,"perfect"
2,"hold"
2,"robs"
2,"watching"
2,"smoke's"
2,"game"
2,"plan"
2,"holding"
2,"middle"
2,"blitz"
2,"versus"
2,"ma"
2,"deep"
2,"overtime"
2,"running"
2,"mid"
2,"timing"
2,"duel"
2,"vitality"
2,"caught"
2,"guard"
2,"round"
2,"ago"
2,"robs"
2,"sort"
2,"caught"
2,"player"
2,"emerges"
2,"empty"
2,"handed"
2,"retake"
2,"breakout"
2,"rounds"
2,"row"
2,"vitality"
2,"mongols"
2,"stomach"
2,"reality"
2,"check"
2,"phenomenal"
2,"map"
2,"awkward"
2,"mhler"
2,"players"
2,"intent"
2,"taking"
2,"control"
2,"moths"
2,"flame"
2,"preoccupied"
2,"idea"
2,"push"
2,"created"
2,"effect"
2,"slightly"
2,"angle"
2,"rob's"
2,"catch"
2,"guard"
2,"damage"
2,"tech"
2,"9"
2,"mezzi"
2,"smoke"
2,"doorway"
2,"mezi's"
2,"vision"
2,"duel"
2,"ooh"
2,"dink"
2,"perfectly"
2,"timed"
2,"play"
2,"blitz"
2,"low"
2,"health"
2,"player"
2,"backdrop"
2,"gift"
2,"blitz"
2,"approach"
2,"sago"
2,"ak"
2,"910"
2,"playing"
2,"tech"
2,"9"
2,"worried"
2,"test"
2,"extremities"
2,"bomb's"
2,"ticking"
2,"players"
2,"kit"
2,"smoke"
2,"grenade"
2,"zyu"
2,"molotov"
2,"stop"
2,"climbing"
2,"window"
2,"flames"
2,"limit"
2,"test"
2,"bested"
2,"yeah"
2,"found"
2,"vitality"
2,"rounds"
2,"regulation"
2,"mongols"
2,"broken"
2,"blitz"
2,"playing"
2,"chess"
2,"molly"
2,"damage"
2,"throw"
2,"setup"
2,"preoccupied"
2,"messi"
2,"coming"
2,"doors"
2,"watch"
2,"mid"
2,"isolated"
2,"robs"
2,"easy"
2,"guy"
2,"kill"
2,"taking"
2,"frag"
2,"simple"
2,"tactic"
2,"definition"
2,"tech"
2,"9"
2,"drive"
2,"remains"
2,"unconditioned"
2,"couple"
2,"times"
2,"fight"
2,"middle"
2,"vitality"
2,"job"
2,"breaking"
2,"smoke"
2,"waiting"
2,"walk"
2,"unfased"
2,"drop"
2,"bucket"
2,"change"
2,"mohan"
2,"yeah"
2,"wpz"
2,"drops"
2,"hybrids"
2,"dust"
2,"ace"
2,"remember"
2,"gun"
2,"hallbang"
2,"damage"
2,"yeah"
2,"uh"
2,"ross"
2,"instant"
2,"trade"
2,"shot"
2,"senzu"
2,"talk"
2,"playing"
2,"danger"
2,"zyu"
2,"low"
2,"910"
2,"sitting"
2,"quarter"
2,"hybrids"
2,"worthwhile"
2,"experts"
2,"zu"
2,"versus"
2,"910"
2,"gosh"
2,"move"
2,"risk"
2,"talking"
2,"major"
2,"grand"
2,"final"
2,"amount"
2,"smokes"
2,"walked"
2,"cts"
2,"moment"
2,"respect"
2,"walk"
2,"techno"
2,"position"
2,"blitz"
2,"unraveled"
2,"zyu"
2,"sitting"
2,"damage"
2,"27"
2,"additional"
2,"damage"
2,"survives"
2,"barely"
2,"smoke"
2,"front"
2,"counterpart"
2,"carries"
2,"bomb"
2,"test"
2,"smokes"
2,"flamesy"
2,"sliding"
2,"forward"
2,"elbow"
2,"lineup"
2,"sitting"
2,"ducks"
2,"jumps"
2,"cover"
2,"10"
2,"1"
2,"score"
2,"dropped"
2,"zeno"
2,"1"
2,"v3"
2,"op"
2,"crouch"
2,"head"
2,"shot"
2,"player"
2,"looked"
2,"damn"
2,"close"
2,"vitality"
2,"rebound"
2,"score"
2,"line"
2,"71"
2,"inches"
2,"landing"
2,"flick"
2,"putting"
2,"rounds"
2,"row"
2,"opt"
2,"playing"
2,"confident"
2,"counter"
2,"strike"
2,"mongols"
2,"walk"
2,"mid"
2,"moves"
2,"zyu"
2,"deep"
2,"commitment"
2,"flames"
2,"apex"
2,"crawling"
2,"dirt"
2,"ct"
2,"spawn"
2,"gun"
2,"round"
2,"remain"
2,"aggressive"
2,"mongols"
2,"continue"
2,"play"
2,"tempo"
2,"pace"
2,"flames"
2,"fall"
2,"corner"
2,"unscathed"
2,"map"
2,"positioning"
2,"mongols"
2,"play"
2,"expensive"
2,"cs"
2,"finest"
2,"equipment"
2,"vitality"
2,"ops"
2,"oppressive"
2,"careful"
2,"impact"
2,"retake"
2,"round"
2,"situations"
2,"mongols"
2,"walking"
2,"lot"
2,"angles"
2,"perfect"
2,"recipe"
2,"offs"
2,"bad"
2,"gap"
2,"910"
2,"flashbang"
2,"click"
2,"hitting"
2,"day"
2,"week"
2,"fishing"
2,"scary"
2,"vitality"
2,"holding"
2,"retakes"
2,"ops"
2,"gun"
2,"liability"
2,"proactive"
2,"pulled"
2,"goalie"
2,"call"
2,"robs"
2,"time"
2,"catch"
2,"nate"
2,"mino"
2,"cross"
2,"leave"
2,"line"
2,"robs"
2,"teammates"
2,"flash"
2,"inwards"
2,"robs"
2,"fast"
2,"move"
2,"mezzi"
2,"pushed"
2,"bomb"
2,"site"
2,"mongols"
2,"coralled"
2,"herd"
2,"dealt"
2,"swiftly"
2,"senzu's"
2,"response"
2,"fire"
2,"front"
2,"hold"
2,"nate"
2,"takes"
2,"10"
2,"triple"
2,"finally"
2,"senzu"
2,"alive"
2,"playoffs"
2,"machine"
2,"gun"
2,"senzu"
2,"awp"
2,"makes"
2,"history"
2,"mongols"
2,"shoulder"
2,"soul"
2,"scout"
2,"pistols"
2,"vitality"
2,"game"
2,"wallets"
2,"empty"
2,"factor"
2,"special"
2,"zu"
2,"moment"
2,"coupled"
2,"rocks"
2,"senzu"
2,"impact"
2,"support"
2,"top"
2,"mid"
2,"zyu"
2,"shot"
2,"rocks"
2,"mongols"
2,"moment"
2,"moment"
2,"flamesy's"
2,"hands"
2,"ak"
2,"47"
2,"tools"
2,"grabbed"
2,"vitality"
2,"op"
2,"910"
2,"recovers"
2,"deep"
2,"angle"
2,"staircase"
2,"tunnels"
2,"fourth"
2,"kill"
2,"map"
2,"moment"
2,"info"
2,"players"
2,"start"
2,"fan"
2,"heard"
2,"mzeno"
2,"walk"
2,"grave"
2,"zyu"
2,"collects"
2,"gun"
2,"recovery"
2,"mission"
2,"effect"
2,"round"
2,"10"
2,"half"
2,"ton"
2,"utility"
2,"910"
2,"kill"
2,"lower"
2,"tunnels"
2,"one's"
2,"alive"
2,"blitz"
2,"timing"
2,"apex"
2,"counterpart"
2,"bested"
2,"2v2"
2,"left"
2,"blitz"
2,"senzo"
2,"catch"
2,"zyu"
2,"shadow"
2,"favor"
2,"blitz"
2,"play"
2,"bomb"
2,"separated"
2,"clock"
2,"ticks"
2,"quickly"
2,"dig"
2,"deep"
2,"mongolia"
2,"talent"
2,"step"
2,"biggest"
2,"stages"
2,"time"
2,"shine"
2,"mezi"
2,"site"
2,"hands"
2,"busy"
2,"mezi's"
2,"stop"
2,"plant"
2,"step"
2,"forward"
2,"factor"
2,"syu"
2,"absolutely"
2,"perfect"
2,"timing"
2,"flashy"
2,"guy"
2,"time"
2,"time"
2,"time"
2,"round"
2,"started"
2,"mongols"
2,"zyu"
2,"move"
2,"win"
2,"round"
2,"stepping"
2,"connector"
2,"doors"
2,"finding"
2,"free"
2,"kill"
2,"shadow"
2,"advantage"
2,"inside"
2,"mongols"
2,"spiral"
2,"half"
2,"alioop"
2,"910"
2,"lower"
2,"tunnels"
2,"pull"
2,"rotation"
2,"zu"
2,"stayed"
2,"vigilant"
2,"round"
2,"sprinkled"
2,"mirage"
2,"victory"
2,"mongols"
2,"taste"
2,"medicine"
2,"sounds"
2,"ular"
2,"hear"
2,"damn"
2,"horses"
2,"goat"
2,"playing"
2,"time"
2,"10"
2,"zoo"
2,"moment"
2,"yeah"
2,"um"
2,"contextualize"
2,"lot"
2,"rounds"
2,"credit"
2,"game"
2,"kills"
2,"openers"
2,"vitality"
2,"ultimately"
2,"score"
2,"top"
2,"abysmal"
2,"damn"
2,"utility"
2,"timed"
2,"suffocating"
2,"miss"
2,"pistol"
2,"drop"
2,"ct"
2,"spawn"
2,"makes"
2,"curious"
2,"zyu"
2,"chance"
2,"push"
2,"catwalk"
2,"control"
2,"mongols"
2,"zyu"
2,"attack"
2,"pinch"
2,"lesser"
2,"weapons"
2,"mongols"
2,"bomb"
2,"curious"
2,"position"
2,"lot"
2,"money"
2,"line"
2,"vitality"
2,"chance"
2,"retake"
2,"mezi's"
2,"blasted"
2,"smoke"
2,"close"
2,"background"
2,"chase"
2,"ross"
2,"clean"
2,"clutch"
2,"clutch"
2,"techto"
2,"missed"
2,"shot"
2,"means"
2,"rocks"
2,"door"
2,"closes"
2,"distance"
2,"bomb"
2,"planted"
2,"real"
2,"damn"
2,"nice"
2,"hits"
2,"team"
2,"filthy"
2,"shot"
2,"zeno"
2,"filthy"
2,"response"
2,"zyu"
2,"ultimately"
2,"overstressed"
2,"position"
2,"carr"
2,"split"
2,"spin"
2,"times"
2,"yeah"
2,"brave"
2,"move"
2,"ops"
2,"coming"
2,"meno"
2,"contrast"
2,"vitality"
2,"line"
2,"hot"
2,"swapped"
2,"push"
2,"door"
2,"apex"
2,"push"
2,"close"
2,"proximity"
2,"zyu's"
2,"smoke"
2,"front"
2,"techno"
2,"apex"
2,"drop"
2,"bomb"
2,"top"
2,"mid"
2,"messes"
2,"action"
2,"expect"
2,"93"
2,"half"
2,"vitality"
2,"unforgettable"
2,"names"
2,"counter"
2,"strike"
2,"single"
2,"generation"
2,"break"
2,"rules"
2,"era"
2,"unlocks"
2,"vision"
2,"play"
2,"game"
2,"people"
2,"build"
2,"snacks"
2,"defined"
2,"smokes"
2,"played"
2,"walked"
2,"hid"
2,"time"
2,"moment"
2,"time"
2,"greatness"
2,"snacks"
2,"jw"
2,"kenny"
2,"aggressive"
2,"yacht"
2,"trophies"
2,"winning"
2,"events"
2,"streaks"
2,"nip"
2,"guys"
2,"streak"
2,"fanatic"
2,"guys"
2,"established"
2,"era"
2,"greatness"
2,"pasha"
2,"personality"
2,"outspoken"
2,"strong"
2,"provide"
2,"emotions"
2,"provide"
2,"entertaining"
2,"audience"
2,"connect"
2,"fans"
2,"connect"
2,"commentators"
2,"connect"
2,"kills"
2,"moments"
2,"guy"
2,"pro"
2,"walked"
2,"corners"
2,"stepped"
2,"1v"
2,"pros"
2,"time"
2,"called"
2,"posasha"
2,"peak"
2,"slowest"
2,"awkward"
2,"peak"
2,"greatness"
2,"defining"
2,"mood"
2,"team"
2,"olaf"
2,"2015"
2,"force"
2,"reckoned"
2,"players"
2,"fnatic"
2,"send"
2,"kill"
2,"duel"
2,"players"
2,"time"
2,"player"
2,"time"
2,"jack"
2,"trades"
2,"trades"
2,"2016"
2,"era"
2,"brazilian"
2,"counter"
2,"strike"
2,"hit"
2,"fallen's"
2,"greatness"
2,"movement"
2,"ability"
2,"understand"
2,"positioning"
2,"shot"
2,"fall"
2,"cover"
2,"master"
2,"retreating"
2,"offense"
2,"pick"
2,"player"
2,"add"
2,"leadership"
2,"style"
2,"counter"
2,"strike"
2,"developed"
2,"brazilians"
2,"fallen's"
2,"complete"
2,"package"
2,"greatness"
2,"device"
2,"mastered"
2,"textbook"
2,"counter"
2,"strike"
2,"played"
2,"limits"
2,"maximum"
2,"potential"
2,"zou"
2,"incredible"
2,"consistency"
2,"sharp"
2,"awp"
2,"ak"
2,"47"
2,"extremely"
2,"versatile"
2,"star"
2,"player"
2,"demand"
2,"lot"
2,"simple's"
2,"greatness"
2,"beat"
2,"game"
2,"player"
2,"touch"
2,"motivation"
2,"crowd"
2,"feet"
2,"decimate"
2,"inside"
2,"server"
2,"simple"
2,"simple"
2,"level"
2,"greatness"
2,"hard"
2,"achieve"
2,"achieved"
2,"goat"
2,"conversation"
2,"fun"
2,"device"
2,"csgo"
2,"player"
2,"time"
2,"majors"
2,"21"
2,"mvps"
2,"20"
2,"mvps"
2,"center"
2,"team"
2,"time"
2,"astralis"
2,"lineup"
2,"zyu"
2,"mantle"
2,"player"
2,"time"
2,"matter"
2,"time"
2,"board"
2,"accepts"
2,"monosy"
2,"donk"
2,"line"
2,"goat"
2,"status"
2,"conversation"
2,"major"
2,"trophies"
2,"donk's"
2,"rookie"
2,"develop"
2,"competition"
2,"counter"
2,"strike"
2,"change"
2,"heartbeat"
2,"yeehaw"
2,"mongols"
2,"usa"
2,"supporting"
2,"mongols"
2,"cheering"
2,"cheering"
2,"mongols"
2,"pretty"
2,"mongols"
2,"cloud9"
2,"2018"
2,"vitality"
2,"pretty"
2,"faze"
2,"clan"
2,"giants"
2,"team"
2,"world"
2,"super"
2,"team"
2,"mongols"
2,"top"
2,"team"
2,"won"
2,"mongols"
2,"vitality"
2,"win"
2,"similar"
2,"vitality"
2,"mongols"
2,"winning"
2,"major"
2,"heard"
2,"mongols"
2,"usa"
2,"mongols"
2,"win"
2,"major"
2,"feels"
2,"feels"
2,"miraculous"
2,"austin"
2,"uh"
2,"temperature"
2,"check"
2,"guys"
2,"enjoy"
2,"grand"
2,"final"
2,"remember"
2,"step"
2,"standing"
2,"brink"
2,"history"
2,"red"
2,"thread"
2,"mongolians"
2,"cowboys"
2,"horses"
2,"wrangle"
2,"goat"
2,"zyu"
2,"found"
2,"impact"
2,"half"
2,"nitty"
2,"gritty"
2,"half"
2,"rounds"
2,"mongol"
2,"ct"
2,"ide"
2,"feels"
2,"goliath"
2,"series"
2,"yeah"
2,"previous"
2,"series"
2,"competitive"
2,"rounds"
2,"dominant"
2,"score"
2,"score"
2,"line"
2,"vitality"
2,"mongols"
2,"talk"
2,"shocked"
2,"played"
2,"team"
2,"times"
2,"difficult"
2,"tough"
2,"amount"
2,"damage"
2,"senti"
2,"deal"
2,"jump"
2,"blitz"
2,"dropping"
2,"player"
2,"yeah"
2,"tough"
2,"recover"
2,"smoke"
2,"ct"
2,"spawn"
2,"mongols"
2,"rebuttal"
2,"door"
2,"techno"
2,"fettas"
2,"beneath"
2,"window"
2,"tunnels"
2,"player"
2,"sight"
2,"supposed"
2,"belong"
2,"mongols"
2,"crushed"
2,"vitality"
2,"raining"
2,"window"
2,"smoke"
2,"ct"
2,"spawn"
2,"feels"
2,"road"
2,"mongols"
2,"site"
2,"absolutely"
2,"ct"
2,"starting"
2,"peel"
2,"proper"
2,"attack"
2,"vitality"
2,"crack"
2,"middle"
2,"map"
2,"cost"
2,"player"
2,"smoke"
2,"mid"
2,"rest"
2,"utility"
2,"sight"
2,"easily"
2,"quiet"
2,"death"
2,"mongols"
2,"dust"
2,"quiet"
2,"vitality"
2,"mirage"
2,"yeah"
2,"pull"
2,"pistol"
2,"pull"
2,"victories"
2,"winning"
2,"pistols"
2,"god"
2,"damn"
2,"austin"
2,"block"
2,"close"
2,"hustle"
2,"doorway"
2,"team"
2,"play"
2,"vitality"
2,"spacing"
2,"highlights"
2,"kills"
2,"ready"
2,"traded"
2,"flamesy"
2,"bottom"
2,"middle"
2,"beretta"
2,"started"
2,"crazy"
2,"deep"
2,"lunges"
2,"awkward"
2,"mongols"
2,"double"
2,"scout"
2,"blitz"
2,"910"
2,"curious"
2,"senzu's"
2,"hands"
2,"blitz"
2,"confident"
2,"takes"
2,"top"
2,"middle"
2,"hearing"
2,"utility"
2,"coming"
2,"suicide"
2,"play"
2,"bit"
2,"timid"
2,"doorway"
2,"910"
2,"combine"
2,"middle"
2,"guns"
2,"finding"
2,"chances"
2,"openers"
2,"peing"
2,"vitality"
2,"bleeding"
2,"clock"
2,"afford"
2,"lose"
2,"vitality"
2,"terms"
2,"quickly"
2,"coming"
2,"resistance"
2,"round"
2,"harder"
2,"cts"
2,"kills"
2,"perfect"
2,"anti"
2,"eco"
2,"blitzes"
2,"flashbangs"
2,"mino"
2,"bunch"
2,"bodies"
2,"blind"
2,"tears"
2,"cat"
2,"hit"
2,"perfect"
2,"flash"
2,"bunch"
2,"damage"
2,"zyu"
2,"sitting"
2,"30"
2,"rocks"
2,"reaction"
2,"middle"
2,"mongols"
2,"bit"
2,"flustered"
2,"captain"
2,"rocks"
2,"cutting"
2,"size"
2,"desert"
2,"eagle"
2,"answer"
2,"sensei"
2,"love"
2,"hands"
2,"gun"
2,"blitz"
2,"scout"
2,"connects"
2,"zyu"
2,"bested"
2,"damage"
2,"health"
2,"remaining"
2,"mezzi"
2,"vitality"
2,"push"
2,"site"
2,"senzu"
2,"backline"
2,"connects"
2,"smoke"
2,"2"
2,"hp"
2,"frag"
2,"mezzi"
2,"bomb"
2,"time"
2,"plant"
2,"senzu"
2,"cut"
2,"pass"
2,"stop"
2,"mezi"
2,"hands"
2,"busy"
2,"damage"
2,"giving"
2,"chance"
2,"golden"
2,"shots"
2,"mezi"
2,"swings"
2,"confidence"
2,"move"
2,"planted"
2,"plant"
2,"push"
2,"cat"
2,"move"
2,"wow"
2,"mu"
2,"meno"
2,"stack"
2,"blind"
2,"bodies"
2,"read"
2,"senzu"
2,"bait"
2,"information"
2,"top"
2,"box"
2,"plays"
2,"100"
2,"hp"
2,"favor"
2,"guys"
2,"amazing"
2,"amazing"
2,"team"
2,"love"
2,"guys"
2,"real"
2,"love"
2,"team"
2,"guys"
2,"team"
2,"career"
2,"win"
2,"major"
2,"starf"
2,"boys"
2,"boys"
2,"hater"
2,"remember"
2,"coming"
2,"stage"
2,"guys"
2,"hell"
2,"loves"
2,"teammates"
2,"leader"
2,"rallied"
2,"deflating"
2,"loss"
2,"easy"
2,"plays"
2,"world"
2,"tonight"
2,"scout"
2,"shots"
2,"connect"
2,"middle"
2,"sense"
2,"zyu's"
2,"giving"
2,"shots"
2,"tracers"
2,"senzu"
2,"lock"
2,"magazine"
2,"scout"
2,"half"
2,"zyu"
2,"force"
2,"spies"
2,"mongols"
2,"highway"
2,"map"
2,"grand"
2,"fin"
2,"snap"
2,"player"
2,"doorway"
2,"teammate"
2,"messi"
2,"scout"
2,"background"
2,"damage"
2,"racking"
2,"fast"
2,"moving"
2,"mp9"
2,"caught"
2,"mezi"
2,"stuck"
2,"mid"
2,"kill"
2,"recovery"
2,"vitality"
2,"situation"
2,"mezi"
2,"round"
2,"zyou"
2,"health"
2,"catches"
2,"player"
2,"rambunctious"
2,"mongols"
2,"thinking"
2,"vitality"
2,"sinking"
2,"round"
2,"15"
2,"counter"
2,"spot"
2,"walking"
2,"mid"
2,"910"
2,"ahead"
2,"bomb's"
2,"ross"
2,"health"
2,"wow"
2,"rounds"
2,"mongols"
2,"force"
2,"ot"
2,"huge"
2,"mountain"
2,"climb"
2,"senzu"
2,"fought"
2,"hard"
2,"info"
2,"mid"
2,"eco"
2,"played"
2,"vitality"
2,"push"
2,"test"
2,"scared"
2,"mezy"
2,"proved"
2,"1"
2,"proved"
2,"anti"
2,"dreaming"
2,"kid"
2,"major"
2,"final"
2,"zyu"
2,"low"
2,"bat"
2,"middle"
2,"scoops"
2,"bomb"
2,"mezi"
2,"waits"
2,"movement"
2,"senu"
2,"couple"
2,"rounds"
2,"happy"
2,"chances"
2,"damage"
2,"cost"
2,"vitality"
2,"intimidated"
2,"taking"
2,"space"
2,"blitz"
2,"found"
2,"nice"
2,"pocket"
2,"comfort"
2,"stairs"
2,"apex"
2,"flames"
2,"low"
2,"mongals"
2,"damage"
2,"easiest"
2,"time"
2,"win"
2,"game"
2,"spending"
2,"dollar"
2,"happen"
2,"damage"
2,"kill"
2,"damage"
2,"kills"
2,"elusive"
2,"blitz"
2,"finally"
2,"collect"
2,"frag"
2,"top"
2,"zyu"
2,"job"
2,"thrusting"
2,"team"
2,"top"
2,"board"
2,"rocks"
2,"mezzi"
2,"17"
2,"kills"
2,"piece"
2,"flank"
2,"caught"
2,"meno"
2,"bested"
2,"critical"
2,"duel"
2,"that'll"
2,"advantage"
2,"vitality"
2,"forget"
2,"damage"
2,"damn"
2,"reason"
2,"mongols"
2,"extend"
2,"play"
2,"dust"
2,"2"
2,"aggressive"
2,"move"
2,"bought"
2,"time"
2,"clock"
2,"fus"
2,"frag"
2,"refrag"
2,"cheat"
2,"site"
2,"vitality"
2,"thinking"
2,"time"
2,"change"
2,"captain"
2,"raw"
2,"duel"
2,"headto"
2,"head"
2,"apex"
2,"versus"
2,"blitz"
2,"apex"
2,"health"
2,"blitz"
2,"molly"
2,"position"
2,"hit"
2,"head"
2,"shot"
2,"burnt"
2,"crisp"
2,"kills"
2,"taking"
2,"wo"
2,"wall"
2,"bang"
2,"step"
2,"closer"
2,"overtime"
2,"step"
2,"massive"
2,"hate"
2,"word"
2,"loud"
2,"versus"
2,"vitality"
2,"comeback"
2,"loss"
2,"12"
2,"13"
2,"expensive"
2,"mongols"
2,"suffered"
2,"losses"
2,"tag"
2,"techno"
2,"zyu"
2,"half"
2,"bit"
2,"fixation"
2,"wool"
2,"pulled"
2,"mzo's"
2,"eyes"
2,"active"
2,"doorway"
2,"mongols"
2,"cost"
2,"move"
2,"top"
2,"middle"
2,"bodies"
2,"mongols"
2,"catch"
2,"vitality"
2,"guard"
2,"fight"
2,"fire"
2,"fire"
2,"damage"
2,"scout"
2,"tag"
2,"wow"
2,"blitz"
2,"comfortable"
2,"moving"
2,"spots"
2,"throw"
2,"cross"
2,"fight"
2,"vitality"
2,"minute"
2,"10"
2,"road"
2,"blitz"
2,"secured"
2,"incredible"
2,"information"
2,"waps"
2,"waiting"
2,"reag"
2,"smart"
2,"yeah"
2,"moody"
2,"center"
2,"falls"
2,"silent"
2,"mongols"
2,"feels"
2,"zyu"
2,"serve"
2,"distraction"
2,"preoccupying"
2,"three4s"
2,"mongols"
2,"zyu"
2,"stops"
2,"rattling"
2,"shots"
2,"vitality"
2,"taking"
2,"time"
2,"silently"
2,"tunnels"
2,"mongols"
2,"idea"
2,"bite"
2,"retake"
2,"mongols"
2,"info"
2,"blitz"
2,"makes"
2,"call"
2,"executive"
2,"decision"
2,"one's"
2,"exiting"
2,"sight"
2,"met"
2,"door"
2,"hesitation"
2,"battles"
2,"senzu"
2,"hits"
2,"head"
2,"shot"
2,"recovery"
2,"slight"
2,"hesitation"
2,"vitality"
2,"chance"
2,"allowed"
2,"zyu"
2,"attack"
2,"flank"
2,"allowed"
2,"team"
2,"world"
2,"rebut"
2,"challenge"
2,"mongols"
2,"set"
2,"hell"
2,"precedent"
2,"major"
2,"grand"
2,"finals"
2,"distance"
2,"inferno"
3,"counter"
3,"strike"
3,"earcuff"
3,"moody"
3,"mistake"
3,"vitality"
3,"hit"
3,"hard"
3,"map"
3,"lost"
3,"major"
3,"won"
3,"inferno"
3,"legacy"
3,"mouse"
3,"rounds"
3,"scariest"
3,"connor"
3,"poor"
3,"ct"
3,"poor"
3,"consistency"
3,"event"
3,"vitality"
3,"map"
3,"bewildering"
3,"team"
3,"embodiment"
3,"consistency"
3,"half"
3,"2025"
3,"inferno"
3,"remains"
3,"elusive"
3,"event"
3,"season"
3,"guy"
3,"utility"
3,"popped"
3,"mezzi"
3,"push"
3,"ct"
3,"rob's"
3,"letting"
3,"senzu"
3,"nice"
3,"zeno"
3,"stuck"
3,"corner"
3,"hold"
3,"power"
3,"fight"
3,"drops"
3,"bullet"
3,"eyes"
3,"range"
3,"apex"
3,"playing"
3,"retake"
3,"spot"
3,"mongols"
3,"lost"
3,"pistols"
3,"time"
3,"bite"
3,"improvement"
3,"map"
3,"improvement"
3,"vitality's"
3,"camp's"
3,"concerned"
3,"kit"
3,"robs"
3,"retake"
3,"incendiary"
3,"smoke"
3,"grenade"
3,"pieces"
3,"puzzle"
3,"massive"
3,"ramifications"
3,"momentum"
3,"vitality"
3,"weaponize"
3,"flash"
3,"910"
3,"swing"
3,"pool"
3,"techo"
3,"kills"
3,"sight"
3,"flames"
3,"answer"
3,"couple"
3,"player"
3,"ups"
3,"close"
3,"nice"
3,"fight"
3,"techo"
3,"hand"
3,"denied"
3,"time"
3,"apex"
3,"run"
3,"grabs"
3,"kit"
3,"enzo"
3,"lock"
3,"mongols"
3,"start"
3,"run"
3,"pistol"
3,"ahead"
3,"final"
3,"pistol"
3,"secured"
3,"sight"
3,"pick"
3,"kit"
3,"utility"
3,"bullet"
3,"ruins"
3,"mongol's"
3,"day"
3,"utility"
3,"effect"
3,"sight"
3,"cake"
3,"eat"
3,"knife"
3,"kill"
3,"time"
3,"start"
3,"sprinkling"
3,"swagger"
3,"lot"
3,"extra"
3,"money"
3,"winning"
3,"taking"
3,"defending"
3,"vanana"
3,"vitality"
3,"apex"
3,"called"
3,"desk"
3,"contribute"
3,"lot"
3,"playing"
3,"wins"
3,"banana"
3,"wins"
3,"inferno"
3,"defense"
3,"smoke"
3,"front"
3,"1v5"
3,"site"
3,"hard"
3,"amount"
3,"grenades"
3,"refresh"
3,"smoke"
3,"lot"
3,"series"
3,"mongols"
3,"pushing"
3,"limits"
3,"smoke"
3,"grenades"
3,"smoke"
3,"block"
3,"flank"
3,"coming"
3,"leave"
3,"surprised"
3,"run"
3,"57"
3,"flashbang"
3,"apex"
3,"slows"
3,"pistols"
3,"arrive"
3,"time"
3,"waiting"
3,"flash"
3,"mezi's"
3,"jump"
3,"teammates"
3,"fragile"
3,"mongo's"
3,"players"
3,"mp9"
3,"unable"
3,"blitz"
3,"multi"
3,"kill"
3,"frags"
3,"zyu"
3,"clutch"
3,"player"
3,"pillars"
3,"hands"
3,"busy"
3,"zyu's"
3,"chance"
3,"chance"
3,"clutch"
3,"zyu"
3,"pillar"
3,"vitality"
3,"saved"
3,"denied"
3,"round"
3,"conversion"
3,"flash"
3,"absolutely"
3,"beautiful"
3,"map"
3,"mongols"
3,"simple"
3,"earlier"
3,"quarterfinal"
3,"coming"
3,"final"
3,"tied"
3,"rated"
3,"player"
3,"major"
3,"playoffs"
3,"amazing"
3,"hell"
3,"time"
3,"pull"
3,"win"
3,"lot"
3,"performance"
3,"final"
3,"exchange"
3,"kills"
3,"top"
3,"banana"
3,"send"
3,"mongols"
3,"questions"
3,"vitality"
3,"inferno"
3,"start"
3,"wrong"
3,"stop"
3,"freef"
3,"fall"
3,"abyss"
3,"current"
3,"record"
3,"inferno"
3,"specifically"
3,"austin"
3,"utility's"
3,"healthy"
3,"mongols"
3,"bunch"
3,"space"
3,"robs"
3,"action"
3,"ak"
3,"stuck"
3,"fight"
3,"robs"
3,"syu"
3,"duo"
3,"hold"
3,"horde"
3,"910"
3,"player"
3,"job"
3,"defense"
3,"mongols"
3,"bay"
3,"footing"
3,"closer"
3,"bomb"
3,"site"
3,"kill"
3,"defense"
3,"gut"
3,"wrenching"
3,"feeling"
3,"knowing"
3,"winning"
3,"pistol"
3,"completely"
3,"bottomed"
3,"economically"
3,"starts"
3,"sink"
3,"map"
3,"mongols"
3,"rely"
3,"map"
3,"pool"
3,"feature"
3,"picked"
3,"happy"
3,"run"
3,"map"
3,"round"
3,"24"
3,"time"
3,"played"
3,"vitality"
3,"vitality"
3,"won"
3,"time"
3,"feel"
3,"series"
3,"mid"
3,"round"
3,"moments"
3,"team"
3,"taking"
3,"broad"
3,"enemy"
3,"round"
3,"5"
3,"hours"
3,"4"
3,"secondsagain"
3,"zyu"
3,"short"
3,"drops"
3,"apartments"
3,"kill"
3,"run"
3,"nades"
3,"strong"
3,"cast"
3,"vitality"
3,"5"
3,"hours"
3,"13"
3,"secondsthis"
3,"decision"
3,"ramifications"
3,"massive"
3,"hold"
3,"inside"
3,"site"
3,"5"
3,"hours"
3,"20"
3,"secondsoh"
3,"counter"
3,"util"
3,"fantastic"
3,"running"
3,"committing"
3,"run"
3,"falling"
3,"utility"
3,"single"
3,"5"
3,"hours"
3,"27"
3,"secondsdeath"
3,"mongols"
3,"element"
3,"surprise"
3,"fourth"
3,"round"
3,"5"
3,"hours"
3,"34"
3,"secondswhat"
3,"start"
3,"hobbit"
3,"triple"
3,"run"
3,"site"
3,"5"
3,"hours"
3,"42"
3,"secondsit"
3,"solid"
3,"call"
3,"anti"
3,"setup"
3,"vitality"
3,"apex"
3,"proud"
3,"teammates"
3,"utility"
3,"space"
3,"5"
3,"hours"
3,"51"
3,"secondsup"
3,"draw"
3,"line"
3,"vitality"
3,"players"
3,"floating"
3,"perfect"
3,"nades"
3,"pop"
3,"time"
3,"ready"
3,"aggressive"
3,"mongols"
3,"bottomed"
3,"desert"
3,"eagles"
3,"board"
3,"round"
3,"fell"
3,"flat"
3,"belief"
3,"vitality"
3,"mistakes"
3,"giving"
3,"fights"
3,"offering"
3,"deagles"
3,"slow"
3,"crawl"
3,"buy"
3,"time"
3,"angle"
3,"fight"
3,"time"
3,"greedy"
3,"deagle"
3,"play"
3,"knock"
3,"lot"
3,"health"
3,"player"
3,"knock"
3,"5k"
3,"scoreboard"
3,"util"
3,"forward"
3,"exact"
3,"crawling"
3,"quickly"
3,"play"
3,"timing"
3,"contrast"
3,"slower"
3,"time"
3,"catch"
3,"kill"
3,"site"
3,"backup"
3,"plan"
3,"mongols"
3,"south"
3,"vitality"
3,"players"
3,"giving"
3,"threat"
3,"pull"
3,"tricky"
3,"blitz"
3,"boost"
3,"senzu"
3,"loves"
3,"test"
3,"smokes"
3,"catch"
3,"mezi"
3,"recovery"
3,"multi"
3,"kill"
3,"round"
3,"played"
3,"fast"
3,"radar"
3,"peeled"
3,"immediately"
3,"messi"
3,"lineup"
3,"players"
3,"armor"
3,"easier"
3,"mezi"
3,"fast"
3,"move"
3,"broken"
3,"defense"
3,"techno's"
3,"hell"
3,"clutch"
3,"players"
3,"majority"
3,"stand"
3,"tall"
3,"vitality"
3,"41"
3,"lead"
3,"days"
3,"zu"
3,"game"
3,"run"
3,"protocols"
3,"sound"
3,"time"
3,"talk"
3,"inferno"
3,"loss"
3,"versus"
3,"legacy"
3,"time"
3,"ago"
3,"mouse"
3,"loss"
3,"startling"
3,"close"
3,"game"
3,"sided"
3,"strongest"
3,"map"
3,"pool"
3,"studied"
3,"map"
3,"predictable"
3,"veto"
3,"mongols"
3,"lean"
3,"vitality"
3,"level"
3,"major"
3,"time"
3,"apex"
3,"captain"
3,"team"
3,"majors"
3,"games"
3,"players"
3,"ro"
3,"swaps"
3,"ambitious"
3,"world's"
3,"igl"
3,"create"
3,"arguments"
3,"fast"
3,"move"
3,"banana"
3,"techno"
3,"pocket"
3,"burned"
3,"sanctuary"
3,"smoke"
3,"zoned"
3,"moment"
3,"lucky"
3,"standing"
3,"apex"
3,"hunt"
3,"leave"
3,"player"
3,"committed"
3,"banana"
3,"lot"
3,"support"
3,"systems"
3,"vitality"
3,"site"
3,"yeah"
3,"improvement"
3,"inferno"
3,"bolstered"
3,"site"
3,"key"
3,"cuz"
3,"mongols"
3,"walk"
3,"wounded"
3,"utility"
3,"fresh"
3,"hitting"
3,"health"
3,"bars"
3,"mongols"
3,"kill"
3,"techno"
3,"push"
3,"smoke"
3,"flames"
3,"ammo"
3,"bait"
3,"apex"
3,"watching"
3,"careful"
3,"hits"
3,"reload"
3,"button"
3,"flamesy"
3,"bullets"
3,"gun"
3,"absence"
3,"followup"
3,"banana"
3,"mongols"
3,"damn"
3,"adamant"
3,"bit"
3,"utility"
3,"vitality"
3,"coffers"
3,"stocked"
3,"challenge"
3,"smoke"
3,"flat"
3,"hell"
3,"flamesy"
3,"temporary"
3,"cover"
3,"apex"
3,"relieve"
3,"pressure"
3,"absolute"
3,"excellent"
3,"sight"
3,"defense"
3,"excited"
3,"apex"
3,"dream"
3,"level"
3,"play"
3,"team"
3,"position"
3,"covering"
3,"flash"
3,"impact"
3,"mongols"
3,"ahead"
3,"flashbangs"
3,"strats"
3,"designed"
3,"image"
3,"flash"
3,"run"
3,"flamesy"
3,"catching"
3,"tail"
3,"active"
3,"defense"
3,"tucked"
3,"waiting"
3,"teammate"
3,"aggro"
3,"love"
3,"bounty"
3,"starting"
3,"awkward"
3,"flamesy"
3,"yeah"
3,"flashes"
3,"testament"
3,"strong"
3,"utility"
3,"remember"
3,"time"
3,"mongols"
3,"hit"
3,"site"
3,"zyou"
3,"short"
3,"rocks"
3,"apps"
3,"defense"
3,"pushed"
3,"forward"
3,"attacked"
3,"time"
3,"change"
3,"kill"
3,"menho"
3,"site"
3,"instance"
3,"factor"
3,"attack"
3,"boost"
3,"top"
3,"smoke"
3,"catch"
3,"guard"
3,"fading"
3,"bullets"
3,"magazine"
3,"mezzi"
3,"connects"
3,"techno"
3,"910"
3,"slides"
3,"site"
3,"kill"
3,"upgrade"
3,"tech"
3,"9"
3,"talking"
3,"molly"
3,"meno"
3,"m4"
3,"player"
3,"pit"
3,"buys"
3,"time"
3,"short"
3,"mino"
3,"reposition"
3,"timing"
3,"hear"
3,"feet"
3,"burning"
3,"gun"
3,"steps"
3,"immensely"
3,"apex"
3,"exit"
3,"mongols"
3,"answer"
3,"god"
3,"found"
3,"abzino"
3,"entries"
3,"tech"
3,"9"
3,"halls"
3,"versus"
3,"robs"
3,"zyu"
3,"people"
3,"wow"
3,"lineup"
3,"yeah"
3,"sign"
3,"life"
3,"half"
3,"pull"
3,"situation"
3,"senzu"
3,"910"
3,"players"
3,"finally"
3,"playoffs"
3,"history"
3,"dropping"
3,"ball"
3,"kill"
3,"zeno"
3,"factor"
3,"utility"
3,"starting"
3,"direction"
3,"hits"
3,"round"
3,"bit"
3,"chess"
3,"wait"
3,"opponent"
3,"blitz"
3,"fluid"
3,"game"
3,"counter"
3,"strike"
3,"create"
3,"explosive"
3,"game"
3,"counterstrike"
3,"pace"
3,"vitality"
3,"called"
3,"mongols"
3,"match"
3,"ready"
3,"fronts"
3,"hall"
3,"smoke"
3,"map"
3,"control"
3,"series"
3,"pretty"
3,"mongols"
3,"paid"
3,"paid"
3,"inside"
3,"middle"
3,"dust"
3,"stopped"
3,"owned"
3,"mirage"
3,"change"
3,"setup"
3,"anticipation"
3,"attempt"
3,"bomb"
3,"site"
3,"mezi"
3,"flashed"
3,"drop"
3,"ball"
3,"answer"
3,"robs"
3,"leans"
3,"earlier"
3,"perch"
3,"positions"
3,"zyu"
3,"arch"
3,"time"
3,"pick"
3,"chance"
3,"blitzo"
3,"cracks"
3,"arch"
3,"versus"
3,"bside"
3,"defenders"
3,"halfway"
3,"flamesy"
3,"playing"
3,"arch"
3,"time"
3,"apex"
3,"play"
3,"flamesy"
3,"takes"
3,"glance"
3,"front"
3,"brackets"
3,"910"
3,"graveyard"
3,"runs"
3,"kills"
3,"flash"
3,"presence"
3,"library"
3,"apex"
3,"dancing"
3,"devil"
3,"910"
3,"wounded"
3,"32"
3,"flamesy"
3,"closer"
3,"apex"
3,"robbery"
3,"setu"
3,"leading"
3,"baited"
3,"shot"
3,"library"
3,"scaled"
3,"single"
3,"miss"
3,"follow"
3,"910"
3,"chance"
3,"shot"
3,"pressure"
3,"apex"
3,"change"
3,"vitality"
3,"throw"
3,"mezi"
3,"front"
3,"yeah"
3,"times"
3,"910"
3,"shoot"
3,"apex"
3,"chance"
3,"spot"
3,"phenomenal"
3,"incredible"
3,"shooting"
3,"captain"
3,"mongols"
3,"running"
3,"timeouts"
3,"half"
3,"pace"
3,"drop"
3,"2v2s"
3,"sight"
3,"final"
3,"map"
3,"season"
3,"treat"
3,"defense"
3,"vitality"
3,"starting"
3,"feel"
3,"confident"
3,"consecutive"
3,"pressure"
3,"coming"
3,"swear"
3,"playing"
3,"hard"
3,"condition"
3,"times"
3,"row"
3,"thinking"
3,"mongols"
3,"aggressive"
3,"yeah"
3,"focused"
3,"lot"
3,"single"
3,"molotov"
3,"scene"
3,"flamesy"
3,"support"
3,"system"
3,"series"
3,"lot"
3,"pokes"
3,"prods"
3,"middle"
3,"round"
3,"inferno"
3,"vitality"
3,"react"
3,"round"
3,"gambit"
3,"pays"
3,"alt"
3,"flames"
3,"guy"
3,"leave"
3,"team"
3,"played"
3,"played"
3,"banana"
3,"oftent"
3,"times"
3,"shoulder"
3,"spotting"
3,"dying"
3,"ops"
3,"utility"
3,"perfectly"
3,"cs"
3,"won"
3,"map"
3,"wins"
3,"grab"
3,"chip"
3,"slides"
3,"flash"
3,"senzu"
3,"dodge"
3,"flash"
3,"trade"
3,"delayed"
3,"pressure"
3,"site"
3,"apex"
3,"robs"
3,"pit"
3,"support"
3,"spawn"
3,"chance"
3,"ct"
3,"apex"
3,"massive"
3,"damage"
3,"factory"
3,"reposition"
3,"tapping"
3,"integral"
3,"brutalizing"
3,"playing"
3,"champion"
3,"versus"
3,"generation's"
3,"igl's"
3,"game"
3,"played"
3,"played"
3,"na'vi"
3,"rob"
3,"nervous"
3,"play"
3,"na'vi"
3,"apex"
3,"play"
3,"blades"
3,"teams"
3,"tap"
3,"history"
3,"nervous"
3,"pronax"
3,"fallen"
3,"carrian"
3,"glaive"
3,"reach"
3,"rounds"
3,"elusive"
3,"score"
3,"inferno"
3,"austin"
3,"tons"
3,"utility"
3,"pressure"
3,"mongols"
3,"limp"
3,"banana"
3,"confident"
3,"vitality"
3,"starting"
3,"grow"
3,"map"
3,"al"
3,"mid"
3,"push"
3,"round"
3,"double"
3,"banana"
3,"passive"
3,"techno"
3,"boost"
3,"reload"
3,"techno"
3,"slides"
3,"beneath"
3,"barely"
3,"standing"
3,"timing"
3,"teed"
3,"unsure"
3,"boost"
3,"fast"
3,"recovery"
3,"flamesy"
3,"gate"
3,"blitz"
3,"bomb"
3,"middle"
3,"waiting"
3,"peak"
3,"mz"
3,"mezy"
3,"position"
3,"round"
3,"leaves"
3,"game"
3,"alive"
3,"round"
3,"robs"
3,"coming"
3,"usual"
3,"spotted"
3,"zo"
3,"takes"
3,"messi's"
3,"gap"
3,"kill"
3,"flazy"
3,"chance"
3,"sight"
3,"smoke"
3,"front"
3,"amount"
3,"cover"
3,"play"
3,"bracket"
3,"mongols"
3,"stand"
3,"smoke"
3,"leave"
3,"massive"
3,"gap"
3,"top"
3,"route"
3,"flames"
3,"created"
3,"opts"
3,"barrels"
3,"senzu"
3,"locked"
3,"half"
3,"health"
3,"players"
3,"mezzi"
3,"tap"
3,"ability"
3,"clutch"
3,"time"
3,"aight"
3,"falls"
3,"round"
3,"mongols"
3,"honest"
3,"days"
3,"round"
3,"top"
3,"banana"
3,"control"
3,"mid"
3,"3v3"
3,"moment"
3,"vitality"
3,"watching"
3,"guard"
3,"spots"
3,"syu"
3,"crossside"
3,"peek"
3,"mid"
3,"mezi"
3,"finish"
3,"meal"
3,"peaks"
3,"arch"
3,"mongols"
3,"sustain"
3,"force"
3,"timeout"
3,"vitality"
3,"site"
3,"lock"
3,"key"
3,"armor"
3,"sight"
3,"defense"
3,"yeah"
3,"found"
3,"gap"
3,"successful"
3,"taking"
3,"brackets"
3,"vitality"
3,"shaped"
3,"lot"
3,"counting"
3,"utility"
3,"damage"
3,"swimmingly"
3,"entire"
3,"half"
3,"single"
3,"time"
3,"trades"
3,"mid"
3,"antico"
3,"crushed"
3,"fire"
3,"beneath"
3,"util"
3,"bracket"
3,"vitality"
3,"attack"
3,"ult"
3,"mezi"
3,"repetitive"
3,"corner"
3,"repetition"
3,"hesitation"
3,"mongols"
3,"round"
3,"quickly"
3,"apex"
3,"calling"
3,"troops"
3,"bolster"
3,"bomb"
3,"site"
3,"follow"
3,"brackets"
3,"mongols"
3,"minute"
3,"clock"
3,"defense"
3,"perimeter"
3,"stopping"
3,"play"
3,"feels"
3,"apex"
3,"worried"
3,"split"
3,"coming"
3,"direction"
3,"wrap"
3,"zyu"
3,"contact"
3,"sliver"
3,"angle"
3,"rotate"
3,"mezi"
3,"robs"
3,"mid"
3,"pit"
3,"support"
3,"zyu"
3,"hail"
3,"mary"
3,"robs"
3,"head"
3,"pit"
3,"meno"
3,"emerge"
3,"apartments"
3,"robs"
3,"standing"
3,"beneath"
3,"mezi"
3,"looked"
3,"shell"
3,"ano"
3,"drop"
3,"scope"
3,"zyu"
3,"happening"
3,"bezi"
3,"corner"
3,"dealt"
3,"scope"
3,"gutshot"
3,"gutshot"
3,"finally"
3,"advantage"
3,"retake"
3,"2v2"
3,"11"
3,"health"
3,"910"
3,"makes"
3,"world"
3,"difference"
3,"chance"
3,"reload"
3,"element"
3,"surprise"
3,"coming"
3,"apex"
3,"catch"
3,"zenho"
3,"11"
3,"hp"
3,"pull"
3,"apex"
3,"found"
3,"impact"
3,"fantastic"
3,"flash"
3,"chance"
3,"time"
3,"vitality"
3,"flank"
3,"round"
3,"perfect"
3,"apex"
3,"halls"
3,"mzinho"
3,"missed"
3,"moment"
3,"ships"
3,"night"
3,"apex"
3,"boiler"
3,"moment"
3,"910"
3,"disarmed"
3,"sight"
3,"flanked"
3,"shot"
3,"hit"
3,"send"
3,"smoke"
3,"hell"
3,"map"
3,"statement"
3,"apex"
3,"ability"
3,"cts"
3,"close"
3,"mongols"
3,"smoke"
3,"library"
3,"ct"
3,"insane"
3,"job"
3,"boys"
3,"hear"
3,"ecstasy"
3,"party"
3,"vitality"
3,"keeping"
3,"energy"
3,"apex"
3,"15"
3,"chance"
3,"banana"
3,"steps"
3,"test"
3,"bit"
3,"delayed"
3,"smoke"
3,"recovery"
3,"mongols"
3,"cheesing"
3,"smokes"
3,"head"
3,"middle"
3,"love"
3,"headto"
3,"head"
3,"minho"
3,"players"
3,"robs"
3,"zyu"
3,"god"
3,"roll"
3,"momentum"
3,"zyu"
3,"floating"
3,"robs"
3,"position"
3,"spammed"
3,"dk"
3,"process"
3,"yeah"
3,"comfortable"
3,"rob"
3,"double"
3,"smoke"
3,"front"
3,"mezi"
3,"bomb"
3,"plant"
3,"middle"
3,"910"
3,"cover"
3,"amount"
3,"health"
3,"time"
3,"kills"
3,"map"
3,"910"
3,"performance"
3,"betraying"
3,"stars"
3,"mongols"
3,"bottomed"
3,"910"
3,"unable"
3,"vitality"
3,"ninth"
3,"12"
3,"rounds"
3,"play"
3,"rounds"
3,"lead"
3,"major"
3,"line"
3,"yeah"
3,"heat"
3,"heat"
3,"heat"
3,"heat"
3,"heat"
3,"beautiful"
3,"marked"
3,"improvement"
3,"vitality"
3,"camp"
3,"minds"
3,"beast"
3,"overcome"
3,"knowing"
3,"inferno"
3,"failed"
3,"austin"
3,"vitality"
3,"grab"
3,"crown"
3,"jewel"
3,"close"
3,"game"
3,"crowd"
3,"austin"
3,"final"
3,"half"
3,"major"
3,"begins"
3,"guys"
3,"players"
3,"feel"
3,"amazing"
3,"mongols"
3,"pistol"
3,"fair"
3,"shot"
3,"comeback"
3,"blitz"
3,"hoping"
3,"chance"
3,"call"
3,"rifle"
3,"rounds"
3,"match"
3,"legacy"
3,"maus"
3,"vitality"
3,"event"
3,"map"
3,"distance"
3,"versus"
3,"vitality"
3,"foremost"
3,"smoked"
3,"brackets"
3,"brackets"
3,"key"
3,"piece"
3,"mongols"
3,"blitz"
3,"taking"
3,"damage"
3,"bode"
3,"minho"
3,"single"
3,"kill"
3,"910"
3,"clean"
3,"sweep"
3,"sight"
3,"mezzi"
3,"step"
3,"absolutely"
3,"ran"
3,"mezi"
3,"16"
3,"3k"
3,"players"
3,"left"
3,"alive"
3,"mongols"
3,"senzu"
3,"takes"
3,"pit"
3,"cut"
3,"head"
3,"snake"
3,"vitality"
3,"bernie"
3,"win"
3,"winning"
3,"2v4"
3,"retake"
3,"unheard"
3,"slithering"
3,"vitality"
3,"lock"
3,"corners"
3,"retake"
3,"senzu"
3,"zyu"
3,"close"
3,"mezi"
3,"vitality"
3,"stars"
3,"shut"
3,"double"
3,"digits"
3,"instant"
3,"picked"
3,"spots"
3,"mezi"
3,"player"
3,"talking"
3,"highlight"
3,"moments"
3,"career"
3,"initiation"
3,"vitality"
3,"player"
3,"guy"
3,"presence"
3,"decent"
3,"anchoring"
3,"struggled"
3,"chemistry"
3,"spinx"
3,"team"
3,"blossomed"
3,"takes"
3,"control"
3,"wins"
3,"rounds"
3,"pulls"
3,"clutches"
3,"pistols"
3,"aggressive"
3,"smoke"
3,"blitz"
3,"killed"
3,"fall"
3,"vitality"
3,"mac"
3,"10s"
3,"quick"
3,"mp9"
3,"apartments"
3,"straight"
3,"zyu"
3,"beautiful"
3,"moment"
3,"formula"
3,"vitality"
3,"frags"
3,"map"
3,"watches"
3,"teammates"
3,"move"
3,"past"
3,"taking"
3,"versus"
3,"mongols"
3,"sit"
3,"pretty"
3,"5v3"
3,"vitality"
3,"wealth"
3,"experience"
3,"avoid"
3,"sorts"
3,"mistakes"
3,"mongols"
3,"team"
3,"vitality"
3,"moves"
3,"team"
3,"risk"
3,"time"
3,"risk"
3,"paid"
3,"players"
3,"trust"
3,"circumstances"
3,"chip"
3,"finish"
3,"season"
3,"feel"
3,"win"
3,"mattered"
3,"run"
3,"vitality"
3,"rosters"
3,"safe"
3,"escorting"
3,"robs"
3,"bomb"
3,"beauty"
3,"change"
3,"valve"
3,"putting"
3,"event"
3,"season"
3,"plays"
3,"major"
3,"vitality"
3,"blown"
3,"minds"
3,"consistency"
3,"results"
3,"season"
3,"slowly"
3,"started"
3,"human"
3,"closer"
3,"final"
3,"hurdle"
3,"poetic"
3,"inferno"
3,"robs"
3,"forever"
3,"remembered"
3,"difference"
3,"vitality"
3,"thoroughbred"
3,"star"
3,"role"
3,"player"
3,"space"
3,"maps"
3,"extra"
3,"anchored"
3,"joined"
3,"team"
3,"quickly"
3,"terrorists"
3,"win"
3,"anchor"
3,"replace"
3,"mongols"
3,"lights"
3,"bright"
3,"map"
3,"series"
3,"finish"
3,"line"
3,"ironically"
3,"farthest"
3,"final"
3,"timeout"
3,"called"
3,"mara"
3,"time"
3,"whooping"
3,"vitality"
3,"started"
3,"senzu"
3,"smile"
3,"started"
3,"emotions"
3,"break"
3,"mongols"
3,"someway"
3,"trials"
3,"tribulation"
3,"team"
3,"major"
3,"finals"
3,"history"
3,"perspectives"
3,"proud"
3,"close"
3,"giving"
3,"chance"
3,"biggest"
3,"threat"
3,"grand"
3,"finals"
3,"pressure"
3,"play"
3,"cs"
3,"map"
3,"sign"
3,"crowd"
3,"cs"
3,"played"
3,"round"
3,"time"
3,"dig"
3,"mental"
3,"space"
3,"final"
3,"result"
3,"apex"
3,"storms"
3,"banana"
3,"sends"
3,"frag"
3,"grenade"
3,"deep"
3,"senzu"
3,"deal"
3,"chip"
3,"damage"
3,"takes"
3,"teams"
3,"history"
3,"time"
3,"learn"
3,"win"
3,"strawless"
3,"2024"
3,"marked"
3,"disappointment"
3,"vitality"
3,"promise"
3,"mongols"
3,"pulling"
3,"hat"
3,"shy"
3,"cinderella"
3,"story"
3,"senzu"
3,"tap"
3,"fairy"
3,"tale"
3,"smoke"
3,"spam"
3,"sight"
3,"hope"
3,"holding"
3,"site"
3,"bomb"
3,"planted"
3,"smoke"
3,"fade"
3,"utility"
3,"mongols"
3,"swing"
3,"feels"
3,"time"
3,"meno"
3,"flank"
3,"closer"
3,"contact"
3,"versus"
3,"zyu"
3,"advantage"
3,"galile"
3,"damage"
3,"directions"
3,"mongols"
3,"difficult"
3,"decision"
3,"entire"
3,"major"
3,"line"
3,"dreams"
3,"wielded"
3,"clutch"
3,"attempt"
3,"shut"
3,"910"
3,"versus"
3,"denied"
3,"vitality"
3,"secure"
3,"championship"
3,"breath"
3,"apex"
3,"takes"
3,"moment"
3,"zyu"
3,"smile"
3,"players"
3,"enjoying"
3,"contributing"
3,"fantasy"
3,"season"
3,"vitality"
3,"complete"
3,"front"
3,"crowd"
3,"cs2"
3,"era"
3,"oo"
3,"fire"
3,"lifeline"
3,"flames"
3,"kills"
3,"blitz"
3,"process"
3,"middle"
3,"successful"
3,"endeavor"
3,"mongols"
3,"round"
3,"play"
3,"score"
3,"mind"
3,"counterstrike"
3,"played"
3,"round"
3,"round"
3,"kill"
3,"kill"
3,"click"
3,"click"
3,"910"
3,"finding"
3,"couple"
3,"kills"
3,"rifles"
3,"barely"
3,"found"
3,"hands"
3,"damn"
3,"extend"
3,"play"
3,"flamesy"
3,"birthday"
3,"boy"
3,"round"
3,"comeback"
3,"worlds"
3,"live"
3,"vitality"
3,"stew"
3,"guns"
3,"respond"
3,"break"
3,"inferno"
3,"feels"
3,"secured"
3,"final"
3,"round"
3,"win"
3,"vitality"
3,"knowing"
3,"apex"
3,"swagger"
3,"floor"
3,"middle"
3,"finger"
3,"phone"
3,"hand"
3,"yeah"
3,"mistake"
3,"round"
3,"offers"
3,"kill"
3,"910"
3,"seize"
3,"day"
3,"vitality"
3,"immediately"
3,"timeout"
3,"mara"
3,"final"
3,"chance"
3,"speak"
3,"apex"
3,"jobs"
3,"team"
3,"steady"
3,"emotionally"
3,"gate"
3,"game"
3,"plan"
3,"playing"
3,"roles"
3,"importantly"
3,"continue"
3,"play"
3,"win"
3,"910"
3,"shaken"
3,"half"
3,"game"
3,"started"
3,"0"
3,"and7"
3,"0"
3,"and8"
3,"2k"
3,"online"
3,"late"
3,"learn"
3,"win"
3,"learn"
3,"dig"
3,"depths"
3,"910"
3,"senzu"
3,"wake"
3,"mirror"
3,"tomorrow"
3,"remember"
3,"map"
3,"ratings"
3,"secured"
3,"play"
3,"win"
3,"blitz"
3,"quick"
3,"mid"
3,"al"
3,"pull"
3,"peel"
3,"mezi's"
3,"fast"
3,"answer"
3,"times"
3,"mezi"
3,"key"
3,"overwhelming"
3,"sights"
3,"anyone's"
3,"overtaking"
3,"19"
3,"10"
3,"aging"
3,"wine"
3,"match"
3,"decide"
3,"utility"
3,"top"
3,"banana"
3,"mongol"
3,"split"
3,"minute"
3,"ropes"
3,"910"
3,"plate"
3,"sits"
3,"flash"
3,"incendiary"
3,"mino"
3,"meno's"
3,"peak"
3,"collect"
3,"kills"
3,"round"
3,"round"
3,"piece"
3,"piece"
3,"foot"
3,"front"
3,"fantastic"
3,"plays"
3,"trade"
3,"mezzi"
3,"spray"
3,"transfer"
3,"beautifully"
3,"control"
3,"brackets"
3,"rounds"
3,"mongol's"
3,"tethering"
3,"nicely"
3,"ready"
3,"respond"
3,"action"
3,"buying"
3,"910"
3,"time"
3,"op"
3,"kill"
3,"remember"
3,"folks"
3,"kills"
3,"16"
3,"deaths"
3,"910"
3,"start"
3,"bomb"
3,"online"
3,"answer's"
3,"coming"
3,"flamesy"
3,"couple"
3,"kills"
3,"vacant"
3,"bomb"
3,"site"
3,"moment"
3,"910"
3,"floating"
3,"thinking"
3,"absolute"
3,"tragedy"
3,"round"
3,"slips"
3,"hands"
3,"avoid"
3,"robs"
3,"upgrade"
3,"feels"
3,"flamesy"
3,"world"
3,"kills"
3,"m4"
3,"library"
3,"rob"
3,"jump"
3,"site"
3,"chance"
3,"trio"
3,"frags"
3,"server"
3,"day"
3,"910"
3,"bomb"
3,"site"
3,"miss"
3,"shot"
3,"talking"
3,"post"
3,"plant"
3,"incredibly"
3,"clutch"
3,"player"
3,"alive"
3,"helping"
3,"hands"
3,"offered"
3,"robs"
3,"round"
3,"flame"
3,"techno"
3,"approaching"
3,"100"
3,"hp"
3,"weight"
3,"world"
3,"shoulders"
3,"clutch"
3,"coffers"
3,"vitality"
3,"space"
3,"nobody's"
3,"swing"
3,"time"
3,"sweet"
3,"time"
3,"teto"
3,"immediately"
3,"lucky"
3,"tip"
3,"roughly"
3,"crunch"
3,"ice"
3,"cold"
3,"mirage"
3,"anchor"
3,"responsibility"
3,"rounds"
3,"teto"
3,"bad"
3,"days"
3,"magic's"
3,"shanghai"
3,"moments"
3,"rounds"
3,"910"
3,"promise"
3,"start"
3,"910"
3,"believing"
3,"missed"
3,"critical"
3,"shot"
3,"cost"
3,"game"
3,"vitality"
3,"close"
3,"trophy"
3,"chance"
3,"910"
3,"rest"
3,"miss"
3,"robs"
3,"inside"
3,"halls"
3,"easy"
3,"feat"
3,"killing"
3,"robs"
3,"inside"
3,"apartments"
3,"site"
3,"tested"
3,"start"
3,"lean"
3,"techo"
3,"stepping"
3,"front"
3,"site"
3,"senzu"
3,"position"
3,"trajectory"
3,"nade"
3,"allowed"
3,"cross"
3,"mezzi"
3,"footing"
3,"sight"
3,"bomb"
3,"follow"
3,"suit"
3,"ct"
3,"site"
3,"smoke"
3,"plant"
3,"zyu"
3,"plant"
3,"lindsay"
3,"takes"
3,"lot"
3,"damage"
3,"vitality"
3,"hands"
3,"busy"
3,"rounds"
3,"hands"
3,"deck"
3,"mongols"
3,"flashbangs"
3,"retake"
3,"flamesy"
3,"kill"
3,"feed"
3,"triple"
3,"star"
3,"vitality"
3,"zyu's"
3,"lean"
3,"sight"
3,"mezi"
3,"awaiting"
3,"barrel"
3,"kill"
3,"frag"
3,"910"
3,"bottom"
3,"scoreboards"
3,"haunted"
3,"performance"
3,"beast"
3,"day"
3,"finality"
3,"happen"
3,"complete"
3,"season"
3,"chip"
3,"wins"
3,"successes"
3,"pressure"
3,"mounted"
3,"win"
3,"bo3"
3,"row"
3,"apex"
3,"championship"
3,"mattered"
3,"pales"
3,"comparison"
3,"win"
3,"austin"
3,"flub"
3,"final"
3,"hurdle"
3,"fantastic"
3,"attempt"
3,"mongols"
3,"stop"
3,"happening"
3,"map"
3,"scared"
3,"time"
3,"tested"
3,"battleh"
3,"hardened"
3,"survived"
3,"test"
3,"passed"
3,"deserved"
3,"break"
3,"match"
3,"cuz"
3,"vitality"
3,"won"
3,"season"
